id,name,year,rank
10575054,10 Raghami,2008,3.2
328802,September 11,2002,6.9
12800946,180 Degree Rule,2020,6.4
424757,20 Fingers,2004,6.6
6217672,21 Days Later,2017,6.5
9755608,The 23,2019,6.6
4730990,3 Degrees of Fever,2011,3.3
1173682,Three Women,2008,5.6
4760656,316,2014,7.1
4663708,360 Degree,2015,4.8
7897432,Istanbul Junction,2018,5.5
13491872,Forty Seven,2018,5.1
5689610,50 Kilos of Sour Cherries,2016,3.9
1726583,7:05,2009,4.8
7166300,A House Beside Clouds,2014,5.5
6219484,A House on 41st Street,2016,5.6
8390150,A Long Day,2016,4.8
1515194,A Man Who Ate His Cherries,2009,5.6
9731048,A Man without a Shadow,2019,4.1
6209994,A Romantic Robbery,2016,3.9
8338870,A Tale of Love,2015,6.5
6218814,A Very Ordinary Citizen,2015,6.8
6193572,Inadaptable,2016,5.5
96747,Water-Wind-Dust,1989,6.6
2290097,Aal,2010,3.7
1330177,Over There,2008,6.5
4908854,Aavaar,1986,5.8
318268,Water,1975,7.3
1639320,Water and Fire,2001,6.1
6213822,Abba Jaan,2017,6.1
5460658,Life and a Day,2016,8.2
793469,Abadan,2004,7.3
11773286,Abadan 1160,2020,6.1
106207,The Abadanis,1993,7.1
6273968,Abarmard,1974,3.9
1105323,The Blue,2001,4.4
171045,Abi and Rabi,1930,7.0
379159,The First Letter,2003,6.3
6210082,Sister,2016,7.6
7870716,Lollipop,2016,4.3
3090458,Abraham: The Friend of God,2008,5.1
8147080,Accusation,2010,3.8
279624,Aci hatiralar,1977,4.8
3095070,Actors Studio,2013,6.6
5269918,Adam,2007,5.4
3375556,Iron Man,2013,5.6
6389300,Adam Bash,2016,2.5
136694,Snowman,1995,6.9
6286072,Adam and Eve,1970,5.3
343348,Adamak,1971,6.0
1933537,Adamakha,2002,4.9
2100382,The Killer,2010,4.5
182675,The Nameless Knight,1970,5.5
821752,The Viper,1993,5.2
402751,Morphine-the Scourge of Life,1960,4.2
9752488,African Violet,2019,6.0
225030,The Legend of a Sigh,1991,5.9
1104040,The Legend of Two Sisters,1994,6.7
6281266,Afsongar,2017,3.7
2266657,Spell,1989,4.6
4712310,Sunlight-Moonlight-Earth,2013,6.8
1112632,Here Comes Mr. Mehdi,1974,4.1
318279,Agha Mohammad khane Ghajar,1954,6.3
2083135,Mr. Yousef,2011,6.1
8756898,Agha-ye shans,1995,4.0
65376,Mr. Gullible,1970,7.1
428206,Mr. Twentieth Century,1964,6.9
421567,Mr. Chameleon,1963,6.7
874846,Mr. Jahel,1973,5.7
1103200,Aghrab,1996,5.3
411085,The Bum,1961,3.4
177511,The Glass Agency,1998,7.9
4923926,Akbar Dilmaj,1974,6.2
6211520,Akhar-e Bazi,2000,4.8
5729830,When Did You See Sahar Last Time?,2016,5.4
1087553,The Last Port,1994,4.8
405652,The Last Affair,1960,4.0
343356,The Last Blood,1994,4.7
1664631,The Last Queen of the Earth,2006,6.5
7525832,The Last Stage,1996,5.2
7704902,Akharin shenasayi,1994,5.3
2638850,Mind Your Manners,2011,3.9
6271990,Akhm nakon sarkar,1975,3.3
10307786,Ako,2018,4.9
5836444,Weeds,1976,6.5
6273926,Ali Bi Gham,1970,3.2
385501,Ali and Danny,2002,4.3
1105325,Ali konkoori,1973,5.6
1090298,Ali va ghool-e jangal,1990,4.7
4949010,The Alcoholic,1971,3.0
60093,Diamond 33,1967,4.9
7555858,The Violet Diamond,1990,6.5
1949115,Hello! Hello! This Is Juju,1995,6.0
5001328,Unclean,1975,5.8
2038245,Alzheimer,2011,5.4
3413358,Amaliyate Mahde Koodak,2012,4.0
9454842,Amin & Akvan,2018,5.7
2162864,We Will Say Amen,2012,5.7
7901864,Amir,2018,5.0
318289,Prince Arsalan,1955,6.1
1111270,Prince Arsalan,1966,6.0
11585790,Among the Hills,2019,5.7
411108,Uncle No-Ruz,1961,4.9
1097210,Those Three,2007,6.5
1906327,Anahita,2010,3.6
4910708,Unripe Pomegranates,2014,4.7
3532890,What Men Don't Know About Women,2014,4.0
10846014,Anderanik,2018,6.0
4865332,Angels Come Together,2014,5.6
12094018,They,2019,5.6
6193598,Anke Darya Miravad,2006,3.8
2691726,Annunciation to a Third Milennium Citizen,2013,3.6
7100588,Another One House,2017,4.5
5994872,Another Time,2016,6.4
122948,Ansuyeh Atash,1990,7.2
5397226,Antar o Mantar,1976,4.4
5790588,Apartment No.13,1990,6.1
8377790,Appendix,2017,5.6
4726166,Apricot Groves,2016,7.7
1091728,Aquarium,2005,3.5
7901610,Permission,2018,6.1
1408351,Be Calm and Count to Seven,2008,6.3
69727,Tranquility in the Presence of Others,1972,7.0
421632,Aras Khan,1963,2.3
3526500,Hard Makeup,2014,4.8
6102028,Arghavan,2014,5.2
830863,The Bride,1991,6.0
1933540,Bride of Bianca,1970,4.0
6471410,The Runaway Bride,2005,3.3
249412,Bride of Fire,2000,7.0
6694126,The Lucky Bride,2002,4.1
423831,The Foreign Bride,1964,4.3
384811,The Runaway Bride,1958,5.1
96833,Marriage of the Blessed,1989,6.5
404784,Arshin mal-alan,1960,6.9
402033,The Doll Behind the Window,1960,4.7
318312,The Bride of the Sea,1965,4.7
5659250,Arvand,2016,6.2
8473532,The Graveless,2018,5.4
6224010,The Skint,2016,2.4
3508112,I'm Not Angry!,2014,6.8
793471,The Horse,1976,5.7
1843849,Absolutely Tame Is a Horse,2011,6.6
1039914,Two-Legged Horse,2008,7.0
1844628,Aseman-e mahboob,2011,4.3
3399154,Shallow Yellow Sky,2013,5.9
400182,The Nobody,1960,3.6
3526472,Ghosts,2014,3.1
1091730,Asheghane,1995,4.8
6223016,Asheghane baraye sarbaz vazife rahmat,2013,6.3
6208032,Lovely Trash,2013,6.8
1107890,Tear and Smile,1995,3.4
773747,The Tear of the Cold,2004,7.1
1521861,Ashkan-the Charmed Ring and Other Stories,2008,6.9
2076799,Meeting Leila,2012,5.3
9899850,The Agitation,2019,3.7
826034,Ashoobgaran,1998,3.8
3421354,Objects in Mirror,2013,5.8
342062,Asiri,2002,4.8
71165,Secrets of the Treasure of the Jinn Valley,1974,6.5
841083,Friday Evening,2006,6.3
4418168,Ice Age,2015,6.1
9403928,Astigmatism,2018,5.1
2358899,At the End of 8th Street,2012,6.2
11772966,Atabai,2020,6.4
2388643,Atal matal tootoole,1972,3.3
343381,Thirst,1972,4.0
838254,Cease Fire,2006,5.2
1111874,Atash-e jonoob,1976,4.9
845426,Atash-e penhan,1990,4.4
1291107,The Green Fire,2008,6.2
1630572,Fire Keeper,2009,6.0
5819870,Autumn Memories,2016,6.7
7897086,Autumn Song,2016,6.6
7259986,Ava,2017,6.6
405720,The Strong Man,1960,4.0
4169580,Avalanche,2015,5.0
12888274,My First Photo,2014,6.6
1907617,Swan Song,2001,5.7
997246,The Song of Sparrows,2008,7.9
2168360,The Married Man,1973,4.9
6249970,Ayalvar,1993,4.7
117056,The Mirror,1997,7.5
1974212,Facing Mirrors,2011,6.9
1111908,Ayyoob,1971,6.2
3084132,Ayyub e Payambar,1993,6.5
106330,From Karkheh to Rhein,1993,7.3
3582948,From Tehran to Heaven,2013,3.7
1413507,From Afar,2006,5.9
277588,Going By,2001,6.4
7581124,Parole,2015,5.0
6209534,Azar,2017,4.7
3516160,Azar-Shahdokht-Parviz and Others,2014,4.7
12247054,Million Dollar Baby,2017,4.1
6224560,Azizam-Man Kook Nistam,2002,4.5
2211784,Laboratory,2012,4.3
3989482,With Others,2014,5.4
417457,The Polite Ones,1963,3.7
6644234,A Very Dog Day Afternoon,2010,3.7
103746,The Lady,1992,6.8
395461,Bab'Aziz: The Prince That Contemplated His Soul,2005,7.6
6258214,Baba Goli Be Jamalet,1976,2.9
5582984,Baba Karam,1970,6.6
495677,Baba Shamal,1971,5.8
429626,The Mountain Tiger,1965,6.5
292945,The Tiger of Mazandaran,1968,7.0
299661,Children of Divorce,1990,4.5
277592,Children of Petroleum,2001,6.8
118849,Children of Heaven,1997,8.3
343392,Bachehaye bad,2000,4.8
8143764,Back Alleys of Shemroon,2012,5.1
209463,The Wind Will Carry Us,1999,7.5
2089625,Wind and Fog,2011,6.9
1933544,The Stuntman,1994,3.6
7830580,Bitter Almonds,2000,4.3
5552924,Evildoers,1973,2.9
112445,The White Balloon,1995,7.7
103760,Baduk,1992,6.6
1112637,Bagh-e boloor,1979,6.4
10599028,Baghe Aloche,2005,4.7
7162006,Baghe Ferdows-Saat panj Baad Az Zohr,2006,6.2
169580,The Garden of Stones,1976,7.4
777759,Spring,1986,6.5
7224776,Baj,2015,4.9
1107309,The Ransomer,2004,4.0
1933546,White Wings,1998,6.1
5784080,Balami be soo-ye sahel,1986,4.9
11773484,Ballad of a White Cow,2020,6.9
68252,Baluch,1972,6.2
9522162,Bana Bir Ask Sarkisi Söyle,2019,5.8
953314,Bandar-e meh-alood,1992,4.2
7464002,Bandari,1973,5.4
5009970,Bandeh Khoda,1974,3.8
168482,The May Lady,1998,6.4
2266671,My Lady,2003,7.2
2690678,Banooei Az Mah,2011,6.7
1914210,Up in the Sky,1979,6.2
6208104,My Brother Khosrow,2016,6.8
1954260,Baradarkoshi,1980,6.3
254169,Barahoot,1988,3.9
233841,Baran,2001,7.8
2388649,For Whom the Hearts Beat,1971,4.2
5463152,Barcode,2016,5.8
5882860,Bardou,2013,8.7
4408178,Snow,2014,5.5
2083144,SNOW ON a HOT TIN ROOF,2011,5.6
2357790,The Snow on the Pines,2012,6.5
2943186,Falling Leaves,2013,6.4
5693128,Barg-e Sabz,2011,6.7
4611766,Bargashtnapazir,2012,5.7
13335484,Tab Without Name,2020,5.8
1764191,A Very Close Encounter,2010,5.0
490802,The imperilled,1983,5.8
292953,Separate beds,1968,4.2
215550,Bashir,1997,4.0
96894,Bashu-the Little Stranger,1989,8.1
2296044,Battle of the Kings: Rostam & Sohrab,2012,6.4
88842,Boycott,1986,5.9
1086835,Have You Another Apple?,2006,7.0
877591,Bazande,2006,4.3
821757,Bazdashtgah,1983,3.7
361340,Return,1953,5.6
1107892,Return of the Hero,1991,6.4
8249404,The Return of Lucky Luck,2015,5.2
490803,Play,2005,7.8
343415,Bazi-e bozorgan,1992,7.7
1094625,Interrogation of a Crime,1983,4.7
13569994,Be Careful of Originality,2020,8.2
5932722,Being Born,2016,5.2
2671400,Be Faseleh Yek Nafas,2010,4.8
7758748,Look at Me,2002,5.4
2241035,The Color Purple,2010,6.5
3719208,Be Tehran Khoosh Amadid,2014,8.2
9293926,In the Time of Hangover,2018,4.8
13712170,Pasolini Time,2019,8.7
7897478,Damascus Time,2018,5.4
1908460,Help Me Friend,1978,5.8
1303685,As Simple as That,2008,7.0
926040,For the Sake of Haniyeh,1995,6.4
1313230,In the Name of the Father,2006,6.0
8577760,Beautiful Jinn,2019,4.0
6162560,Bedeh dar raah-e khoda,1971,5.0
2735362,Without Permission,2012,4.4
4131210,Borderless,2014,6.9
8166164,Vespiary,2018,4.6
415607,The Willow Tree,2005,7.4
243218,Willow and Wind,1999,7.5
383914,Hidden Heaven,1994,4.5
12093996,The Lost Paradise,2011,5.8
5390280,Heaven Is Not Far Away,1969,6.2
1139574,Behtarin baba-ye donya,1991,5.6
3212802,For Pooneh's Sake,2013,5.8
317137,To Stay Alive,2002,6.5
12093990,Benjamin,2019,5.6
319045,Speeding Naked Till High Noon,1976,7.1
2269022,Berlin -7º,2013,5.4
2671744,Without Farewell,2012,4.7
6326558,Anonymity,2018,6.9
11777304,Soundless,2020,5.3
1843112,Bi Vafa,2006,3.9
1997291,Penniless,2009,6.4
2381107,Bi-gharar,1973,5.3
2265175,Unveiled,1973,4.2
6045714,Bi-neshan,1976,3.7
874866,Bibi chelchele,1986,7.0
92651,The Cyclist,1989,7.3
2385017,Awake in the city,1976,2.2
470958,Wake Up-Arezu!,2005,6.9
5657546,Awakening,2008,3.6
6217868,Bidari baray-e 3 rooz,2015,6.2
2127262,Bidari-e Royaha,2010,5.6
292968,Come stranger,1968,5.2
3726166,The Stranger,2014,5.1
8919218,Biganeh,1974,4.8
2551076,Needlessly and Causelessly,2012,6.4
400228,Hope and Fear,1960,5.1
13344348,Headless,2020,6.2
1431223,Twenty,2009,6.5
6302342,Twenty Years of Waiting,1966,4.1
68277,Bita,1972,6.7
4359244,Bita Is Restless,2012,3.8
2371281,Black Day,2011,7.1
5460508,Bodyguard,2016,6.1
2077716,Hatred,2012,5.6
1086839,Bogzar zendegi konam,1986,5.1
10912640,Bogzarid Mitra Bekhabad,2015,1.8
12993094,Consternation,2020,4.5
381060,The Nightingale of the Farm,1957,3.8
383933,Bluff,1994,5.5
7915554,Bomb: A Love Story,2018,6.5
78893,Dead End,1977,7.1
433901,Dead End,1965,5.0
11773648,Bone Marrow,2020,6.6
495681,Bongah-e teatral,1975,6.7
1112651,Scent of Wheat,1977,7.0
2998456,Scent of Paradise,2001,3.8
939840,Boo-ye khosh-e zendegi,1994,5.4
234899,To Be or Not to Be,1999,7.0
343502,The Blind Owl,1975,6.1
1086840,The Kiss on Blood Lips,1973,4.8
112562,The Scent of Joseph's Shirt,1995,6.7
3403142,Booye Gandoom: Inja Tarik Nist,2010,3.2
262774,Smell of Camphor-Fragrance of Jasmine,2000,6.6
115730,Minoo Watch Tower,1996,5.6
6215352,Born in 1987,2016,5.2
1091746,The Idol,1976,6.6
9266204,Botox,2020,5.8
1104048,Botshekan,1976,6.4
439477,Boutique,2004,6.5
1853517,Bridge 13,2006,3.7
1094627,Buddha Collapsed Out of Shame,2007,7.3
4532606,The Buffalo,2015,3.8
11767484,Butterfly Swimming,2020,7.2
436151,Butterfly in the Wind,2004,7.2
1926992,Goodbye,2011,6.9
990425,Cafe Setareh,2006,6.7
477585,Border Café,2005,7.3
6037320,Can pazari,1976,5.1
1283889,Canaan,2008,6.4
77296,Caravans,1978,6.1
12792594,Careless Crime,2020,6.2
293023,3 Crazies,1968,6.2
4578920,Cease Fire 2,2014,4.1
10488882,Chahar Angosht,2019,3.4
7762434,Four Isfahanians in Bagdad,2016,2.7
1933552,Chahar changooli,2008,3.2
1160709,Four Finger,2007,3.7
319162,The Crossroad of Events,1955,5.8
6215438,There Will Be Blood on Wednesday,2015,5.0
845439,Fireworks Wednesday,2006,7.7
1111292,Dear Wednesday,1993,5.5
4944924,Wednesday-May 9,2015,6.6
103937,The Boot,1993,7.1
1500693,Chaleh,2009,7.3
343526,The Suitcase,1987,4.8
6639882,How Much You Want to Cry?,2005,4.5
922379,A Few Kilos of Dates for a Funeral,2006,7.6
3516158,A Few Cubic Meters of Love,2014,7.1
855752,A Few Days Later...,2006,5.5
907632,Chap dast,2006,3.2
243171,The Cart,2000,6.5
5797570,The Round Mill,1967,6.8
2265205,Charlotte be bazarche miayad,1977,2.4
2234011,Room Number Zero,2014,4.4
1641614,An Umbrella for Two,1999,4.6
1891767,The Herald,1990,4.7
384875,The Bitter Tea,2005,7.3
3526538,Che,2014,6.1
1106754,Who Killed Amir?,2006,5.7
3470918,Good to Be Back,2013,3.0
2499148,Cheque,2012,5.6
2258664,Love at 40,2010,5.4
1925408,Face to face,2009,6.9
5377400,The Chandelier,1976,2.8
1438171,A Light in the Fog,2008,6.5
2161896,Cheshm,2011,3.6
12252336,Cheshm O Goosh Baste,2019,4.5
1914226,Cheshm-e sheytan,1994,3.8
383983,Cheshman siah,2003,3.1
429766,Cheshmane John Malkovich 1: Viggo Mortensen,2004,4.5
206631,The Spring,1972,7.5
404875,The Spring of Life,1960,3.9
285178,Her Eyes,2001,6.4
1683042,There Are Things You Don't Know,2010,7.2
7719186,Chocolate,2017,4.7
1343028,The Liar Shepherd,2006,7.3
336164,Churi,2001,7.2
5821276,Bench Cinema,2016,7.8
11773204,Cinema Shahre Gheseh,2020,4.9
1684628,Circumstance,2011,5.8
3507794,City of Mice 2,2014,6.1
3667264,Closer,2015,5.7
5906834,Cold Breath,2017,7.6
12094024,Wife's Club,2019,3.3
9899880,Columbus,2018,4.0
441611,Coma,2004,5.5
6224580,The Human Comedy,2017,4.3
6281320,Conditional Release,2017,5.4
3716078,Crime Scene-No Entry,2007,5.7
10987040,Crocodile,2019,4.0
13387200,Crows,2020,7.2
168682,Daan,1998,6.7
1090310,The Highschool,1986,5.2
1086846,Dada,1983,5.7
433957,Branded,1965,4.8
301978,Ten,2002,7.4
7271236,Dakal,1996,4.8
259265,Daughters of the Sun,2000,6.8
5376718,Dalahoo,1967,5.4
477607,Day Break,2005,6.9
99352,Snake's Fang,1990,6.1
1112666,Dane-haye gandom,1981,6.4
376554,Tiny Snowflakes,2003,6.9
283303,Danza con los sueños,2001,7.7
2669634,Along City,2011,4.0
72843,Far from Home,1975,7.0
5791288,Dar Moddat-e-Maloom,2015,5.0
9056646,Bearer,2018,5.3
4108894,What's the Time in Your World?,2014,7.1
77398,Along the Night,1977,6.5
122450,Eye of the Hurricane,1989,6.3
1328613,Among the Clouds,2008,7.0
1998202,Dar shahr khabari nist,2007,5.6
4634290,Dara O Nadar,1999,5.3
3269074,Trapped,2013,6.3
2417530,111 Girls,2012,7.1
1360860,Darbareye Elly,2009,8.0
4242682,Exclusive,2015,5.5
5224720,Morning is Close,2015,4.3
9642950,Darkhoongah,2019,5.7
6217724,Axing,2018,5.7
313747,Valley of the Butterflies,1991,6.5
6243086,Fish Lake,2017,4.0
10385482,Dash Akol,2018,4.3
66968,Dash akol,1971,7.1
12792588,The Wasteland,2020,5.7
293076,The Red Plain,1968,4.6
6940740,Manuscripts,1987,5.0
2912144,Manuscripts Don't Burn,2013,7.2
6744318,Dastan Ma-Ghese To,2012,5.5
419675,Story Undone,2004,6.8
5775176,The Devil's Hand,1982,2.4
92833,The Peddler,1987,6.8
1934227,Corrupt Hands,2000,4.9
2186858,Dasthay-e khali,2007,4.8
88992,The Runner,1984,7.8
1291182,Invitation,2008,5.3
6209540,Invitation,2017,4.3
1629248,The Earth Marathon,2010,5.6
255094,The Circle,2000,7.4
4359278,Dayereh Sorkh,1996,4.6
77403,The Cycle,1977,7.4
1170393,Tambourine,2008,6.9
6607602,Dead End of Trust,2017,7.2
11591652,Dear Day,2012,5.4
99392,The Scout,1989,6.3
431017,The Golden Village,1965,6.0
3059786,The Corridor,2013,6.8
125718,The Love-stricken,1992,7.4
961046,Del va deshne,1994,6.9
2392355,Restless hearts,1971,5.4
793499,Knights of Delgosha Alley,1992,5.4
293082,Delbaran,2001,6.5
6220056,Charm,2016,4.7
2351576,Deldadeh,2008,3.8
411276,Anxiety,1962,7.2
1826650,Bleeding Heart,2009,4.5
3820086,Romantic Nostalgia,2014,4.7
2914020,Democracy in Daylight,2010,3.8
3131744,Deportees 3,2011,2.5
187809,The Pear Tree,1998,7.6
5842802,Dracula,2016,3.6
317342,The Dagger,1972,6.4
129872,Det Means Girl,1995,6.0
377772,Two Angels,2003,6.0
8346906,Devil's Daughter,2019,2.6
11158436,Diapason,2019,7.0
1116752,Land of Lovers,1984,4.6
9899860,Watching This Movie Is a Crime,2019,6.3
7376410,The Visit,1995,6.2
1907657,The Other,2010,6.1
5687444,Digari,2001,7.8
104106,What's Up?,1992,5.8
7164066,Disappearance,2017,6.7
449558,Aida-I Saw Your Father Last Night,2005,5.6
819880,The Insane Flew Away,2003,5.9
1933565,Frantic,1995,3.7
1313108,The Wall,2008,5.3
5810204,Divar-e shishei,1971,4.6
259981,Djomeh,2000,6.8
8249374,Two Brides,2017,5.3
87155,Do Cheshman Beesu,1984,4.0
7226698,Do Nafar O Nesfi,1991,5.7
939858,One Ticket-Two Movies!,1991,4.9
2385059,Do kalle-shagh,1977,4.5
149302,Two Halves of an Apple,1992,5.5
212573,Two Women,1999,6.7
13052070,Life Again,2018,4.2
1513755,Dog Sweat,2010,6.5
5483082,Daughter,2016,6.0
7881364,Cousins,2017,3.2
1933566,The daughter of the king of fairies,1968,3.9
757920,The Pastry Girl,2002,5.6
343600,Dokhtarak-e kenar-e mordab,1989,6.0
3350994,Expectance Girls,1999,5.2
2325643,Dokhtare Shahe Parion,2011,3.7
361527,The Shepherd Girl,1953,5.5
424048,The Vagabond Girl,1964,4.7
370473,A Girl from Shiraz,1954,5.4
233798,The Girl in the Sneakers,1999,6.2
1091763,A Girl Named Tondar,2000,4.2
411296,A Girl Is Screaming,1962,6.6
1363365,Dolar,1988,4.2
821765,Domrol,1994,5.9
3547106,Don't Be Tired!,2013,6.8
5766064,Don't Forget Your Childhood,2015,3.3
364310,Donya,2003,5.3
1111311,Blue World,1969,5.4
7678492,A World Full of Hope,1969,5.1
7825586,The Inverted World,1998,5.1
384050,Doostan,2000,3.7
4704766,Hell-Purgatory-Paradise,2009,4.8
5389860,Around the World with Empty Pockets,1970,7.0
4917384,Time to Love,2015,5.5
319314,The Carriage Driver,1971,6.9
5389740,The Enemy,1973,4.4
8589358,Woman's Enemy,2018,4.0
11954824,The Enemies,2020,7.3
389943,Woman's Enemy,1959,4.1
13096500,Two Friends,2015,2.7
12171216,Two Sister,2010,4.1
5706802,Dour az Hayahoo,2008,7.6
4916176,Dowry's Sugar Bowl,2015,6.0
123046,Thief of Dolls,1990,6.3
961048,The Thief and the Writer,1987,5.4
1111892,The Thief and the Cop,1970,5.2
293111,The Black Suit Thief,1968,6.2
4498818,Dreamy,2014,3.4
8037650,Dressage,2018,5.6
5897312,Drum,2016,5.9
7897052,Du Mahe Shamsi,2017,8.2
401394,Duel,2004,6.4
6207962,Duet,2016,4.8
7941920,EXAM,2010,8.0
1822212,Earring,2007,5.4
428481,Abraham in Paris,1964,3.3
8386652,Eczema,2017,5.8
6393518,EfratiHa,2010,3.0
1924254,Efrit,1982,2.1
9294994,Eghlima,2007,6.0
121973,O Iran,1990,6.7
11968836,Mastermind,2019,5.3
99492,The Tenants,1987,7.7
5463378,A Dragon Arrives!,2016,6.7
1388418,Deportees,2007,4.6
1431240,Deportees 2,2009,2.9
2246675,Elixir and Dust,2008,5.9
5468178,Mina's Choice,2016,4.7
8000708,Emperor of Hell,2018,6.9
3509796,Today,2014,6.1
1111894,A Girl Is Going to Die Tonight,1969,4.0
333399,The Exam,2002,6.9
6151774,Final Exam,2016,4.1
6203694,End of the Service,2014,5.4
2040342,Endless Dreams,2009,4.4
7967752,Endless?,2018,6.7
428495,The Humans,1964,7.0
6224632,Isolation,2017,5.3
5650614,Equation,2003,4.6
6211490,Delighted,2016,7.4
3785708,Obit,2014,4.7
309565,Low Heights,2002,7.4
12921354,Eshgh Bealaveh do,1998,3.6
1107331,Love Without Frontier,1998,4.5
2268437,Love Isn't Enough,1999,4.6
284090,Eshghe Taher,1999,6.0
293128,Gharoon's Love,1968,6.2
8374200,Lovelance: The Center of Emergency Love,2018,3.1
432400,Love and Vengeance,1965,6.3
87218,Fleeing from Evil to God,1984,4.6
3414274,Give Back,2013,5.6
3784684,A Petition for Allah,2008,5.7
4079782,Estérahaté Motlagh,2015,5.8
5355896,Confessions of My Dangerous Mind,2015,5.7
270348,Protest,2000,6.1
12662544,Eternal Children,2006,4.5
4620346,Everything Is Fine Here,2013,7.1
3138188,Executions,2019,2.8
11771036,Exodus,2020,5.1
416729,Through Sunglasses,2000,5.8
6644280,Marriage in the Extra Time,2010,3.7
5939272,The Pink Marriage,2005,3.4
945553,Marriage Iranian Style,2006,4.9
2265293,Agitation,1976,6.7
6240914,Fabric Friends,2011,4.6
405908,Fadime,1970,5.1
11531238,Faramoshnameh,2016,8.9
122060,Escape from the Trap,1971,6.8
319400,Evading the Truth,1966,3.9
877617,Farari,2005,4.0
333437,Farda,2002,7.7
404035,Tomorrow Is Bright,1960,5.9
4818952,Tomorrow,2014,5.2
4849528,Farewell Analog,2015,7.6
1786476,Farewell Baghdad,2010,5.8
821772,Farman,1982,4.3
317477,Cry,1999,4.5
939863,Faryad,1971,4.1
949524,Scream of the Ants,2006,6.0
1091766,Faryad-e zir-e ab,1977,6.3
319401,The Midnight Terror,1961,6.5
3178120,Foster Kid,2012,5.7
1849765,Child of Morning,2011,4.4
1431243,Child of the Soil,2008,6.6
2186916,Fasele,2009,4.5
5781386,Season of Narges,2017,5.8
125099,The Fifth Season,1997,6.6
1794787,Rainy Seasons,2010,4.9
398881,The Conqueror,1995,5.1
319403,Conquerors of the Desert,1971,5.2
10233502,Feminin,2018,7.8
7562038,Butcher Angels,2013,8.1
406768,The Runaway Angel,1961,4.9
416736,An Angel in My House,1963,4.3
470759,Shirin and Farhad,1970,5.7
5704476,Feri Dast Ghashang,1977,3.2
6217748,Ferrari,2017,4.9
5287920,Elephant in the Dark,2003,5.0
4247046,Fireworks,2015,4.1
370568,First Children,1999,7.5
2816152,First Move,2007,3.0
1733133,Flamingo No. 13,2010,6.4
5079110,Foggy Road,2015,7.2
2612248,Formula of Death,2012,6.0
5186714,The Salesman,2016,7.8
2290345,From Tehran to London,2012,7.7
1483373,Frontier Blues,2009,6.6
64356,The Cow,1969,8.0
116384,Gabbeh,1996,6.9
386478,The Twilight,2002,5.6
364361,Gahi be aseman negah kon,2003,6.8
5217152,A Cradle for the Mother,2013,7.9
5907728,Lifeline,2011,6.7
2186852,Galoogah-e Sheytan,2011,4.6
434044,Croesus' Treasure,1965,6.3
1107907,Gard-e vizheh,1995,4.5
2389120,Gasht-e ershad,2012,5.5
6211538,Gasht-e ershad 2,2017,4.7
3342328,Acrid,2013,5.3
364365,The River's End,2003,6.3
74565,The Deer,1974,8.0
821777,Gerdab,2005,5.8
293173,The Whirlpool of Sin,1968,4.6
452017,Gerdbad,1985,4.3
1715780,Gesher,2010,5.5
783719,Ghadamgah,2004,6.0
793519,Ghadeghan,1978,5.6
1292701,Ghaedeye bazi,2007,4.2
3032780,Bending the Rules,2013,6.4
2381193,Ghafas,1974,6.0
1116774,Ghafele,1992,5.3
7985654,Little Heroes,2017,5.5
134671,Ghalandar,1972,5.7
438056,Canary,2004,7.8
5377360,The Big Appointment,1975,6.5
877628,Gharche sammi,2002,6.0
285139,Gharibaneh,1998,5.0
319450,Stranger,1972,6.4
2671388,Gharibeh,2012,4.3
71549,Stranger and the Fog,1976,7.1
6292924,The Oath,1975,4.4
9817044,The Oath,2019,6.3
6278960,Retaliation,1971,3.6
6205538,The Time I Came Back,2016,5.0
9750864,Castle of Dreams,2019,6.6
6068184,The Golden Palace,1969,6.6
338060,The Winter Song,2002,7.8
5888276,Domestic Killer,2017,4.3
9292266,Ghatle Online,2005,4.5
73041,Ghazal,1976,6.4
370590,Negligence,1954,4.0
64368,Gheisar,1969,7.7
6393532,Ghelghelak,2005,4.3
785000,Red,1999,6.4
3532916,Gheseye Eshghe Pedar,2013,5.2
2008523,Fairy Tale,2011,5.1
3526482,Tales,2014,7.0
343715,Story of Mahan,1973,5.2
1893243,Yalda Night Story,1970,5.4
197373,Tales of Kish,1999,5.7
8037658,Forbidden,2017,4.3
70105,Resurrection of Love,1973,6.3
1134580,The Locksmith,2007,6.8
3511928,Gholam,2017,5.6
1111902,Gholam zhandarm,1971,5.2
9870726,Gholamreza Takhti,2019,6.8
4224072,Ghoul,1973,5.0
1933585,The Sacrifice,1993,4.7
450428,Gilane,2005,6.7
6298634,Gilda,2017,3.7
3586582,Gingko: the Suspended Narrative,2014,5.6
1797391,Gis Borideh,2006,3.8
5423636,Gita,2016,5.5
6218740,Giti's Problem,2016,3.3
4501084,Gohar Kheirandish a Filmography,2015,7.2
762100,Full or Empty,2005,7.0
780032,The Rose,1990,5.4
498802,Ice Flower,2005,4.0
1949544,Golchehreh,2011,7.3
9643092,Gold Carrier,2018,5.2
9354450,Golden Time,2017,7.2
1948564,Flowers and bullets,1992,2.9
122091,Golhaye Davoudi,1985,5.6
780033,Golnar,1989,6.4
343732,Golnesa,1953,4.6
7606902,Golnesa,2018,7.5
11388224,Golpari joon,1974,4.7
317226,Marooned in Iraq,2002,7.4
1111335,Gomshodegan,1987,5.2
2186782,Gonah-e man,2006,4.8
4082364,The Little Sparrows,2013,5.3
780035,The Singer Cat,1991,6.4
11732158,The Black Cat,2020,7.2
9297754,A Bigger Game,2018,4.9
1091775,The Hateful Wolf,1973,6.9
414059,The Hungry Wolves,1962,5.4
101966,The Sergeant,1991,6.2
4247084,Gordaleh & Aunt Giant,2012,7.0
5217198,Temporary Licence,2017,4.9
76098,The Report,1977,7.0
123094,A Report on a Murder,1987,6.8
6257502,Gozasht-e bozorg,1967,3.3
758731,Gradually,2006,6.1
97453,Grand Cinema,1989,5.9
5077878,Guinness,2015,3.7
470781,Güzel soför,1970,6.9
2382915,The Target,1975,4.4
1125808,Hafez,2007,7.3
13331332,Hafez Why,2015,9.6
12859372,Seven S,2009,6.5
4359260,Seven Minutes to Fall,2010,5.8
7383548,The Magnificent Seven,1973,6.3
1899199,Seven Passages,1996,5.4
6211418,7 Months Pregnant,2016,5.1
343755,Haft parde,2001,5.5
495707,Wooden Pistols,1975,6.8
12993044,Voice of Silence,2014,5.3
9214764,Haghighat Gom Shodeh,2007,4.8
411082,Mr. Jabbar in Paris,1961,4.7
84044,Hajji Washington,1983,7.2
1111905,Hakim-bashi,1972,5.6
5994868,The Half,2016,8.1
3673954,Ham Nafas,2004,5.9
1104068,Hamase-ye majnoon,1994,5.4
4487240,Everything for Sale,2014,5.4
1431246,There's Always a Woman in Between,2008,5.1
7456220,Classmate,1977,6.1
7326430,Brothers in Blood,1975,5.4
821780,Hamleye kharchang-ha,1992,3.5
1320262,Hamoon and Darya,2008,6.5
99729,Hamoun,1990,8.1
3488418,Entourage,1977,6.1
1104069,Fellow Traveler,1975,6.6
109981,The Spouse,1994,6.4
1509126,Whatever You Want,2009,3.8
1576399,Harim,2009,4.8
6227164,Privacy,2017,4.5
6173368,Harlot,1974,5.6
65817,Hassan-the Bald,1970,6.9
319488,Hasan siah,1972,4.8
317633,Hashem khan,1966,4.9
343768,The Eighth Day of the Week,1973,6.0
1091777,Hashtpa,2005,3.3
6068266,Hatam Taee,1966,6.6
11393360,The Red Hatchback,2019,7.1
8116612,Hattrick,2018,5.8
10713448,Hava-Maryam-Ayesha,2019,5.9
2356894,Around the Autobahn,2011,5.3
2265341,The Desire,1975,3.5
1896755,Havoo,2006,3.6
490965,Hayat,2005,7.1
80848,The School We Went To,1980,6.8
2081259,Heartbroken,2009,5.8
826076,Heeva,1999,6.0
319492,Seventeen Days to Execution,1956,6.0
1504398,Heiran,2009,6.7
6281230,Tale of the Sea,2018,4.7
7646430,Helen,2017,5.0
5755594,Hello Mumbai: Salaam Mumbai,2016,3.9
5512702,Helmsman,2015,7.5
5008236,Hemmat,1975,3.1
7904074,Hendi & Hormoz,2018,7.8
293226,Hengameh,1968,5.1
8870036,Here My Village,2019,3.5
6221930,Here One Does Not Die,2016,5.1
2162916,The Hidden Sense,2007,4.9
821783,Hey Joe!,1988,5.5
5390056,Heydar,1971,1.7
7900486,Heyrani,2014,7.7
1720942,Hezaran zan mesle man,2001,5.0
8702938,Hezarpa,2018,5.8
1844678,Nothing,2010,6.8
2669832,No Where No Body,2013,4.7
8866866,High-Heeled,2014,4.7
7935018,Highlight,2018,4.4
6244898,Never,2016,4.8
345399,Hirsiz kiz,1968,6.9
2440036,Hush! Girls Don't Scream,2013,7.0
1102232,Hoboot,1994,4.6
439612,Verdict,2005,5.0
11328896,Hokm Ba Bazi Gardan Koloft Ha,2019,7.4
1107909,Hokm-e tir,1977,4.8
7383568,Bird of Happiness,1971,6.6
107134,The Actor,1993,6.7
426027,Hoor on Fire,1991,5.6
1116783,Hossein Kord Shabestari,1966,4.9
6217648,House of Paper,2017,4.7
978609,Identity,1987,5.4
2670642,I Feel Sleepy,2012,5.6
3724978,I Hate the Dawn,2014,6.2
3967508,I Want to Dance,2017,5.0
5568330,I am not Salvador,2016,3.7
1998244,I'm His Wife,2012,4.5
11773696,I'm Scared,2020,5.3
391233,Iki esir,1971,7.0
2121774,Iki kizgin adam,1976,6.2
5169678,Immortal,2015,8.0
6218768,In Silence,2016,5.1
6215428,This Woman Wants Her Right,2016,5.5
4731046,This Apple Is for You,2015,3.2
2772276,It's a Dream,2012,6.4
3531558,Inja Akhare Donyast,2012,3.2
1874522,Here Without Me,2011,7.9
1431252,Here-a Shining Light,2003,5.5
7791926,Internet Adventures,2005,4.6
6215368,Invasion,2017,6.3
4532596,Iran Burger,2015,4.4
206833,Iran Is My Land,1999,7.3
9414954,Here,2018,6.8
470819,Isportaci kiz,1970,6.0
6218794,Israfil,2017,5.9
1111351,Issa Is Coming,2000,5.2
5463172,Standing in the Dust,2016,6.9
333645,The Deserted Station,2002,6.7
9403944,The Atmosphere Station,2017,5.7
6215376,It Happened at Midnight,2016,5.8
6879318,Italy Italy,2017,5.3
3399118,The Southside Pickpocket,2013,5.1
1112700,Jabbar-Runaway Sergeant,1973,6.5
293289,The Golden Road to Samarkand,1968,2.6
7901824,The Old Road,2018,4.7
6213802,Take Off,2017,5.5
91086,Frosty Roads,1985,6.9
122553,Jafar Khan az farang bargashte,1985,5.8
5371616,Jafar and Golnar,1970,6.2
11766802,Dance with Me,2019,6.6
428697,Hell Under My Foot,1964,7.5
965502,The Green Hell,1995,4.7
319587,The White Hell,1968,5.8
4942400,Jahel va raghaseh,1976,2.9
13109880,Jalbab,2014,4.3
4293654,A Persian Melody,2015,6.0
495714,Jamil,1987,5.4
13569626,Jamshidieh,2019,5.2
13423436,Janan,2019,3.6
9784048,Alive,2019,6.2
2256706,Jane Bond 008: Operation Karachi,1971,7.8
343853,Battle of Oil Tankers,1994,4.9
6321224,Brawl in the Wedding,2016,2.7
978619,Janjal-e bozorg,1985,4.8
7901572,Jashne Deltangi,2018,5.0
384227,Youth,1999,4.5
11170986,Valiant,1974,6.8
6228672,Immortality,2016,6.6
1087592,Jayi baraye zendegi,2003,4.8
2268481,Somewhere Else,2004,4.6
472113,Iron Island,2005,7.1
4532684,The Colourful Island,2015,6.1
792977,The Crime,2003,5.2
107268,Pickpockets Don't Go to Heaven,1992,4.9
1832382,A Separation,2011,8.3
1914285,Friday,1977,6.5
311846,South of the City,1958,6.1
965196,Baby Dandy,1974,5.9
1724554,Crime,2011,5.0
2892230,Kader yolculari,1975,5.2
319627,Impious,1972,6.4
780052,Mirza Norooz's Shoes,1985,6.6
783833,The Squeaking Shoes,2004,6.9
317794,Unruled Paper,2002,6.8
2426476,Kaghaze Khoroos Neshan,2012,7.1
10026380,Kaj kola khan,1973,5.3
6281138,Kaka siah,1973,4.6
116738,Kakadu,1995,5.4
1107915,Kako,1971,4.8
312858,Kakoli,1990,3.1
74732,The Crow,1977,7.1
2671764,Kalagh Par,2007,3.1
6271956,Kalak Nazan Khoshgele,1976,3.2
5331184,Non-profit Police Station,2009,2.4
3541028,Kalashnikov,2014,4.8
5065166,Kaleske,2014,2.6
87530,Kamalolmolk,1984,7.4
7901786,The Truck,2018,6.3
1954574,Kandaloos Gardens,2004,6.7
319640,Beehive,1975,7.4
826089,Kani-manga,1988,6.0
1091793,The Bondwoman,1974,5.4
1514418,Karat 14,2009,6.0
11497444,Dirty Job,2018,4.6
7967312,Simple Worker Needed,2017,5.5
499335,Men at Work,2006,6.4
1155678,Karkas-ha mimirand,1981,5.0
2613288,Karnavale marg,2009,4.6
7521948,Boarding Pass,2017,6.2
97649,The Ship Angelica,1989,6.2
1426378,No One Knows About Persian Cats,2009,7.1
2390269,Katouni-ye-sefid,2008,3.8
8106708,Katyusha,2018,4.1
441876,Dead Heat Under the Shrubs,2004,6.8
371772,The Wind Carpet,2003,6.8
11142578,The Burnt Matches,2017,4.0
1982734,Checkmate,2010,2.9
9357044,Kejal,2018,6.9
93341,The Key,1987,6.9
10578092,Kelid Ezdevaj,1997,4.6
1509132,The White Meadows,2009,7.6
1417101,The Book of Law,2009,6.2
2007409,Retribution,2010,6.0
6251080,Punishment,1973,3.1
2359103,Leila's Dream,2010,4.3
319683,White Dream,2002,7.0
423868,Bitter Dream,2004,7.2
3589726,It's No Big Deal,2016,3.9
498813,Girl's Dormitory,2004,5.1
2893716,Khabhaye Donbaledar,2009,3.5
319684,Golden Dreams,1951,5.6
6486630,Asphyxia,2017,5.4
926208,The Double Lottie,1996,6.6
68800,The Soil,1973,6.7
1431261,Earthbound,2008,6.2
1847622,Khak o atash,2011,4.7
1933599,Soil and Blood,1983,5.4
154728,Khake Sar Beh Mohr,1977,6.7
6218712,Khakestar & Barf,2016,3.5
962572,Green Ashes,1994,6.3
498814,Khakestari,2001,4.3
9899840,Auntie Frog,2018,6.1
8042526,Khaltoor,2017,2.1
366671,Silence of the Sea,2003,7.3
6193812,Atoosa's Laghters,2016,3.9
830914,Khane-kharab,1975,6.2
85786,The House of Spider,1983,5.7
939885,Mr. Haghdoost's House,1980,4.8
93342,Where Is the Friend's House?,1987,8.1
107312,The Quiet Home,1993,7.1
319685,A House Built on Water,2002,6.7
1112707,Khanevade-ye sarkar Ghazanfar,1972,4.6
319686,The House of Ghamar Khanum,1972,6.0
5111754,The Girl's House,2015,5.3
2162892,Khaneye roshan,2006,7.8
1794829,The House under the Water,2010,6.2
3744092,Lady,2014,5.0
1107916,Our Small Family,1991,4.4
95439,Off-Limits,1988,6.2
6237562,Rabbit,2018,4.4
5468300,Sound and Fury,2016,6.3
6162488,Gypsy's Wrath,1969,5.2
2388691,Wrath of Eagles,1970,2.3
125817,The Suitor,1972,5.8
1086863,Courtship,1989,6.9
1284579,Sex My Life,2008,6.5
3994998,Khatere,2009,3.5
5379390,Khaterkhah,1972,4.4
1910566,Khatoon,1977,5.0
826091,Line of Fire,1993,4.0
297117,The Finish Line,1986,6.3
317822,The Red Line,1982,5.4
483703,So Close-So Far,2005,7.5
7901384,Don't Be Embarassed,2018,5.4
1972688,The Bear,2012,5.2
122130,Brick and Mirror,1965,7.5
2669686,24th Street,2009,4.0
3985970,God Is Close,2007,6.8
12100536,Goodbye Shirazi Girl,2019,6.3
1107917,Farewell to Tehran,1966,6.2
67300,Goodbye Friend,1971,7.2
4242842,The Long Farewell,2015,5.5
104606,The Jar,1992,7.0
6211580,The Good-the Bad-the Corny,2017,5.1
12856524,The Good-the Bad-the Corny two,2020,4.0
855860,Mainline,2006,6.6
11120670,Khoon shod,2020,5.9
378188,Blood and Honor,1955,6.0
10059220,Blood of God,2019,5.0
6402526,Khoros Jangi,2009,4.3
11767722,Sun Children,2020,6.6
6244938,Midnight Sun,2020,7.6
5379410,Khoshgela avazi gereftin,1974,3.2
432414,The Most Beautiful of Beauties,1965,6.2
1111915,Khoshgeltarin zan-e aalam,1971,3.6
7881284,Drought and Lie,2016,4.4
158707,Rooster,1973,6.0
2266771,Ki daste gol be ab dade?,1973,5.1
113547,Kimia,1995,6.4
6873494,Kimia,2013,4.0
116779,Bag of Rice,1996,7.0
2244949,Kissing the Moon-Like Face,2012,6.6
4634272,Redhat and the Brat,2012,6.3
1111358,Kolah Ghermezi and Sarvenaz,2002,6.5
780061,Redhat and Cousin,1995,8.1
11513874,Kolah too Kolah,2013,7.0
5685004,A Hat for Baran,2007,4.0
5819240,Cottage,2009,3.8
2268489,A Hut across the River,1971,5.2
382785,Gypsy,2003,7.2
867342,Punishment Committe,1997,7.3
1844701,National Alley,2011,8.2
1933602,Alley of Valiants,1970,6.6
1112711,The South's Shark,1978,5.5
12758660,The Slaughterhouse,2020,6.1
2794862,Koudak va fereshte,2008,6.9
266705,The Child and the Soldier,2000,7.0
7527876,Crystal,2009,2.8
5897428,Kupal,2017,5.7
9849402,The Charcoal,2019,7.3
806668,Iran: A Cinematographic Revolution,2006,7.3
194087,Scabies,1989,7.3
6209672,The Lobby,2017,8.6
11576058,Labyrinth,2019,4.5
7704884,Tortoise,1997,5.5
3719198,Lamp 100,2014,5.4
9115558,Land of a 1000 Islands,2010,8.1
123148,Langar-Gah,1989,4.9
5463510,Lantouri,2016,6.4
2617600,Fat Shaker,2013,4.0
4386296,Last Day of the Year: Akharin Rooz Sal,2012,4.6
319731,The Generous Pauper,1958,4.9
12993206,Latyan,2020,4.9
10976326,Lasagna,2018,4.0
2404461,The Past,2013,7.8
7692968,Leaf of Life,2017,6.0
9145448,Leakage,2018,6.7
74782,A Suit for Wedding,1976,7.1
116851,Leila,1997,7.6
116852,Leily Is with Me,1996,7.6
6776462,A Man of Integrity,2017,7.2
315264,7 Days in Tehran,2002,7.0
2716012,Leyli and Majnoon,1970,6.6
333788,Leyli va Majnun,1937,6.4
319742,The Pleasures of Sin,1964,5.3
7350876,Liebe auf Persisch,2018,5.9
3673948,Life Is Elsewhere,2014,5.5
7432330,Life without Life,2017,7.9
6278226,Lina,2017,8.5
4291166,Lonely in Few Minutes of Silence,2016,4.7
8798112,Loone Zanboor,2017,4.6
2265421,Looti,1971,4.8
7634654,Los Angeles/Tehran,2018,2.3
1764466,Please Don't Disturb,2010,5.8
7897348,Lottery,2018,5.8
6841602,Love and Madness,2015,1.6
4253460,Ma Khune Nistim,2009,2.8
4856674,Paradise,2015,6.1
2760020,We're All Sinner,2016,5.7
470852,We Are All Fine,2005,6.8
7907808,Reverse,2019,4.9
6258220,The Assignment,1987,6.3
102369,Mother,1990,8.5
342722,Mother,1951,7.1
1935171,My mom has fallen in love,1976,4.9
3719158,Atomic Heart Mother,2015,4.7
123160,The Mare,1986,7.2
978638,Madrak-e jorm,1985,6.2
1687248,Madreseye piremardha,1991,5.9
7901798,Sheeple,2018,7.6
1104084,Honeymoon,1976,6.2
7175328,Mah-pishooni,1971,5.9
123990,The Fish,1989,7.4
3257072,Fish & Cat,2013,7.3
3488404,The Fish Die on the Soil,1977,5.6
877349,The Fish Fall in Love,2005,6.9
7901840,Mahoora,2018,5.0
6224508,Majan,2017,5.8
9816970,Midday Event: Trace of Blood,2019,6.4
6229252,The Story of Noon,2017,6.8
793549,Majnoon,1990,5.0
1431278,Majnoone leyli,2008,4.3
134808,Divine One,1976,6.8
6047852,Malaria,2016,5.7
6217706,Untaken Paths,2017,5.1
182881,Malkoçoglu - Cem Sultan,1969,5.9
1104085,Mamal Amricayi,1975,6.4
4246742,Mom! Behrouz Hit Me,2010,5.1
4532888,I Am Diego Maradona,2015,5.7
10545476,I'm Not Crazy,2018,5.3
2161962,I Am a Mother,2012,6.5
5339894,Me and Sharmin,2017,3.5
293388,I Cried Too,1968,6.5
7156464,I Love the Earth,1994,5.8
329347,I Am Taraneh-I Am Fifteen Years Old,2002,7.1
6254280,The Man,1972,4.6
7156530,Mard-e barani,2000,4.7
7449142,A Man with Thousand Smile,1971,6.6
1933611,Eastern man-western woman,1976,5.6
250655,The Little Man,2000,6.1
934512,Men of the Dawn,1971,5.2
7383598,Furious Men,1971,5.7
1431279,The Changed Man,1998,6.0
6284558,A Man from Isfahan,1967,3.8
5857780,A Man from the South of the City,1970,7.2
780074,A Man in the Mirror,1992,6.4
4532708,The Man Who Became a Horse,2015,6.5
978640,Mardi ke moosh shod,1985,6.0
381406,The Man Who Suffers,1957,5.4
1118595,A Man Like Rain,1997,5.5
84304,Death of Yazdgerd,1982,8.4
2085866,Death Is My Profession,2011,6.0
6217766,Death of the Fish,2015,4.8
1849814,Salve,2010,6.8
416960,The Lizard,2004,8.5
77913,Requiem,1978,7.4
370938,Maryam and Mitil,1993,5.9
1116799,Border,1980,4.9
6222362,Marzieh,1995,4.3
196740,Sweet Agony,1999,6.1
4253466,Sky Track,2009,5.5
426102,Route of River,1964,5.4
9755660,A Hairy Tale,2019,6.4
319831,Slaughterhouse,1974,6.8
4892962,Mastane,2014,5.3
1105368,The Scarecrow,1984,6.7
780076,Maxx,2005,6.0
11591834,Maybe There,2013,8.6
5352912,Mazar Sharif,2015,5.1
1113809,Parental Farm,2004,6.3
5999174,Me,2016,5.3
6189264,Meeadgah-e khashm,1971,6.2
1105369,Mehdi meshki va shalvarak-e dagh,1972,3.8
6396378,Mehman,2008,4.1
405149,Mum's Guest,2004,7.2
1094263,Private Party,1987,6.4
12525588,Hotel New Moon,2019,3.9
3395294,Kami's Party,2013,4.1
177921,A Mother's Love,1998,7.0
319843,The Mandrake,1975,7.3
1933612,Mehrie Bibi,1995,5.6
5797456,Melancholia,2017,3.3
3520564,Melbourne,2014,6.4
810424,Meliksah,1969,5.4
3719550,Merajiha,2014,2.4
188054,Mercedes,1998,4.5
5938508,Mermaid,2016,6.8
9817070,Just 6.5,2019,7.9
3234130,Metropole,2014,3.4
2895764,Migren,2012,5.1
6268924,The Guest,1976,5.1
4359268,We Have a Guest,2014,5.7
344065,Mikhaham zende bemanam,1995,5.3
6137186,Meyami's Millioner,2017,4.3
1113810,M for Mother,2006,7.4
6261448,Mina & Ghoncheh,1986,5.5
1291131,Colors of Memory,2007,6.8
943457,Mirza Koochak Khan,1983,5.8
8347878,Mistress,1973,4.4
2278008,Mizak,2009,3.9
7563886,The Mobarak,2015,5.1
2265439,Resistance,1987,4.2
206947,Mogholha,1973,6.8
194169,The Immigrant,1990,6.0
364525,Mohajeran,1992,5.6
1511433,Trial on the Street,2009,5.0
1094265,The Trial,2007,3.8
319876,The Interim Husband,1971,6.4
3921314,Muhammad: The Messenger of God,2015,7.5
8037662,Mohey,2016,5.6
5007906,Mojazat,1975,2.7
309867,Dead Wave,2001,5.7
355777,The Miracle of Smile,1997,5.2
5007772,The Retribution,1973,4.2
1105370,The Encounter,1987,7.0
1847648,The Meeting,2011,6.9
442818,Meeting the Parrot,2003,3.0
1706450,The Kingdom of Solomon,2010,6.3
7802790,The Mummy 3,2000,5.9
3500130,Dying in September,2014,4.3
169574,Paper Airplanes,1997,6.7
432959,The Blond Woman of Our Town,1965,5.7
822003,Morabbaye shirin,2001,4.5
2387535,The Electrician Morad and Seven Girls,1974,5.6
1111377,Morad and Laleh,1966,5.6
9073702,August,2017,4.3
11773588,Drowning in Holy Water,2020,6.6
1102276,The Wild Duck,1992,6.6
7901408,Confiscation,2018,4.8
104919,Travellers,1992,7.4
978648,Travellers of Moonlight,1988,7.0
134828,Traveler from the South,1997,7.4
342795,Traveller of Rey,2001,5.6
12094002,The Last Stroke,2019,4.0
71859,The Traveler,1974,7.5
1118598,The Tenant,1994,5.2
6136576,Motel Ghoo,2012,2.7
293865,Born Under Libra,2000,5.6
6208138,Motherhood,2017,4.7
1109494,Motreb,1972,6.7
11296132,The Singer,2019,4.6
5737204,Hair,2016,7.3
5300476,Temporary,2015,6.8
499348,The Confrontation,2006,4.0
1933623,Be Careful of the Your Hat,1975,6.3
122178,Mozafar,1974,6.4
384356,Mozahem,2002,4.7
6291462,Mr. Abdi's Direct Negotiations,2015,3.3
4242596,Mr. Alef,2013,4.7
344083,Red Hair,1974,5.2
9839040,Murphy's Law: Ghanoone Morfi,2019,3.5
12229534,My Favorite Wife,2000,3.4
1368864,My Tehran for Sale,2009,6.3
2612226,My Tribe,2012,6.3
2168420,Toofan's Bellow,1969,5.7
11709296,Nabat,2019,5.2
2251482,Nadarha,2011,5.1
6272704,Breath,2016,7.5
1104098,Nafas-borideh,1978,7.0
364537,Deep Breath,2003,7.4
9741442,Suddenly a Tree,2019,5.0
1102282,Naghsh-e eshgh,1990,6.8
397560,Navel,2004,6.5
4636046,Nahid,2015,6.3
280198,Whispers,2000,7.1
6068388,Inadvertent,2014,6.0
5373814,The Captain,1973,4.4
122186,Captain Khorshid,1987,7.4
333978,Letters in the Wind,2002,6.5
11647154,The Alien,2020,5.2
109334,Bread and Poetry,1994,7.0
1909808,Nan va eshgh va motor 1000,2002,5.5
125429,Naneh Lala va bacheharesh,1997,8.2
97955,Pomegranate and Cane,1989,7.3
381443,The Ladder of Progress,1957,4.2
9355162,Nardoon,2016,4.4
2149053,Orange Suit,2012,4.7
6256998,Intoxicated Eye,2020,5.6
104972,Nargess,1992,6.9
1907730,Nasepas,2010,4.1
780100,The afflicted generation,1999,6.4
104974,Once Upon a Time-Cinema,1992,7.3
8107972,Wild Eglantines,2017,5.2
122188,Nazanin,1976,7.0
122189,The Curse,1973,6.8
6215588,Negar,2017,5.2
3510520,Negar's Role,2014,5.1
6693930,Mask,2005,6.1
806134,Negin,2002,4.6
7897202,Negin,2013,7.1
1151370,The Survivors,1996,6.3
100234,Close-Up,1990,8.3
5904256,Nemat Nafti,1973,6.2
2795122,Half Mine-Half Yours,2006,3.4
1371637,Neshani,2008,5.0
4080008,Neurasthenia,2014,6.9
1910586,Neynava,1983,4.6
134844,The Need,1992,6.7
1291643,Niloofar,2008,6.1
277925,The Hidden Half,2001,6.8
5796478,Profiles,2016,5.4
5244886,Nish O Zanboor,2009,4.5
847050,Half Moon,2006,7.2
11278342,No Choice,2020,5.4
6207878,No Date-No Signature,2017,7.2
11349332,No Fly Zone,2019,5.9
100267,Nobat e Asheghi,1995,6.5
7145012,Nofozi,2010,6.1
1107933,Noghre-dagh,1971,4.2
6215590,Blind Side,2016,5.3
489788,Top of the Tower,2005,4.0
5837342,Lil Pea,2009,4.7
403359,Noora (The Kiss of Life),2003,6.8
10354764,Numbness,2019,4.7
117214,A Moment of Innocence,1996,7.8
336939,O.K. Mister,1979,7.0
5216604,Obesity,2015,5.3
3402834,Oblivion Season,2014,6.6
5857788,Crossing the Minefield,1983,3.8
1118605,Escaping the Trap,1994,4.8
2671420,Octopus1: White forehead,2011,5.6
499537,Offside,2006,7.3
1899260,Horizon,1989,6.0
4242666,Eagle of the Desert,2013,4.8
943465,The Eagles,1985,5.6
7390078,A Heart for an Eye,2018,5.7
10908138,One Night in Tehran,2019,7.1
2168636,Oosta karim nokaretim,1974,3.5
1756659,The Orion,2010,6.3
2328709,The Room,2012,7.4
7897468,The Dark Room,2018,5.7
5764368,Otanazi,2001,4.7
90781,The Bus,1986,7.0
1431296,Night Bus,2007,6.8
7111402,Oxidan,2017,5.3
6136650,P22,2015,5.1
7880834,Don't Step Into My Shoes,2017,3.0
1083986,Barefoot in Paradise,2007,6.9
3257494,Paat,2013,6.0
1298590,The Reward of Silence,2007,5.9
6209808,Phenomenon,2017,6.7
6173330,Palang dar shab,1975,3.4
9770208,Polo Coat,2019,5.4
4505116,A 5 Star,2014,4.9
284966,Claws in the Dust,1997,5.4
122204,The Window,1970,6.2
1727528,Panjomin savar-e sarnevesht,1980,4.4
7897212,Paper House,2012,6.5
1910594,Par-e parvaz,2000,5.4
6819126,Paradise,2016,4.0
344186,The Little Bird Boy,2002,6.1
95822,Little Bird of Happiness,1988,6.4
428944,The Swallows Return to Their Nest,1964,5.8
193373,The Last Act,1991,7.3
2626926,Closed Curtain,2013,6.5
114092,Pari,1995,6.6
4708408,Pari Khoshgeleh,1974,3.1
4471280,A Minor Leap Down,2015,5.5
2349608,Fairy Out of Wedluck,2017,5.7
9643058,Paris to Paris,2010,5.7
5994866,Paris Tehran,2017,7.8
4198200,Fairy Child,1973,4.6
1964988,Parkway,2007,3.6
1857819,A Walk in the Fog,2010,6.7
399510,The Precipice,1994,5.4
1105375,The Party,2001,5.6
846058,Havana File,2006,5.1
3297250,Parvanegi,2011,2.9
1102299,Parvaz az ordoogah,1993,5.2
1112735,Flight in the Cage,1980,5.5
1002457,The Flight in the Night,1987,5.4
1935196,Remember the flight,1993,5.4
2426498,Flight of the Kites,2012,6.2
7271454,The Silent Flight,1999,5.0
821801,Parvaz-e panjome Juin,1989,4.9
2362062,Parviz,2012,7.2
1646220,Flags of Kaveh's Castle,2009,5.0
5704502,Pashmaloo,1976,3.4
2265489,Golden Heel,1975,4.2
9303040,Patio,2018,4.3
2058671,Passing Through the Mist,1990,6.1
11142622,Pastarioni,2018,4.8
11671996,Patal and Little Wishes,1990,5.1
2671406,Payane Dovom,2012,3.6
934543,Paygah-e jahannami,1984,4.0
1151385,Autumn,1987,6.6
2245049,Modest Reception,2012,6.7
117315,The Father,1996,7.5
5331142,The Other One's Dad,2015,6.0
2161980,The Last Step,2012,7.2
9575206,Penhan,2010,4.7
12624668,Filicide,2020,4.6
6393234,Pesar Tehrani,2009,3.0
2673126,Son of Adam Daughter of Eve,2010,4.8
4253474,Boys Are Not Born Soldier,2008,4.5
6302146,Peyman-e doosti,1967,3.6
11027072,Pig Gene,2019,4.3
11809064,Zero Floor,2019,5.5
11709306,Old Men Never Die,2019,7.5
6644190,Mixed Pizza,2011,3.5
5228172,Playing with Death,1995,6.9
1111938,The Bridge,1971,5.3
6218776,Bridge of Sleep,2016,5.6
1911615,Poopak and Mash Mashallah,2010,3.7
4242530,Banana Peel,2006,5.9
1505381,Poosteh,2009,4.3
4493272,Pope,2014,6.8
11773814,Popular,2020,5.2
2186902,Blood Orange,2011,3.5
2385179,Back and Dagger,1977,4.8
6275112,Behind the Wall of Silence,2017,5.5
6369738,There Is Nothing Behind the Door,2010,5.0
66233,The Postman,1972,6.9
1439563,Postchi se bar dar nemizanad,2009,5.4
4676508,Princess of Rome,2015,6.4
3212670,Private Life,2012,5.6
11773160,Puff Puff Pass,2020,5.9
249900,Foreign Currency,1989,5.7
434296,The Champion of Champions,1965,6.9
4052298,Qandil Mountains,2010,6.9
7762424,Quarantine,2008,4.7
277975,The Unfinished Song,2001,7.0
1922691,Youth Affair,1976,7.4
5141848,Rabidity,2016,5.3
953564,A Footstep on Sand,1988,6.8
282885,The Wolf's Trail,1993,5.5
3990782,Radio Dreams,2016,6.1
845527,The Boss,2007,3.8
2385185,Rafigh,1976,5.2
6389290,The Bad Friend,2007,6.0
5742306,Parting,2016,6.3
6209470,Subdued,2017,6.1
67649,Downpour,1972,7.4
320337,Raghaseye shahr,1970,5.5
374153,Dancing in the Dust,2003,6.9
9214720,Footwork,2017,6.3
2161944,Rahe Behesht,2012,6.3
10196142,Rahman 1400,2019,4.5
3531586,Raly Irani: Iranian Rally,2013,3.4
191043,The Color of Paradise,1999,8.2
344256,Rashid,1971,5.9
3531496,Hussein-Who Said No,2014,6.9
479147,Salvation at 8:20,2005,4.8
1142421,Ravani,1997,4.6
1097261,Unfinished Stories,2007,6.4
337081,Black Tape-A Tehran Diary-the Videotape Fariborz Kamkari Found in the Garbage,2002,6.3
290823,Secret Ballot,2001,6.6
6393474,The Secret of Taran Desert,2010,4.2
320350,The Secret of the Oleaster Tree,1972,7.2
1925494,Secrets,2005,4.1
2161934,Receiver,2012,4.1
3416480,Recovery,2013,8.0
3507558,Red Carpet,2014,4.7
6218760,Red Nail Varnish,2016,6.5
3310280,Red Rose,2014,6.1
6661850,Redhead,2017,6.1
7241928,Rejime Talaei,2012,3.4
8318376,Reversed Seven,2017,4.5
114278,Reyhaneh,1990,5.4
8448554,Reza,2018,5.6
499366,Reza haft-khat,1972,3.4
318028,Reza-the Motorcyclist,1970,6.7
6704346,Rhino Horn,2018,3.7
5471272,Risk of Acid Rain,2015,6.6
4532764,Crazy Rook,2015,6.9
877702,Rokhsareh,2002,4.7
9094134,Rona-Azim's Mother,2018,6.4
7476182,Epiphany,2017,4.6
5704874,Roobah,2014,4.4
220363,The Red Ribbon,1999,7.1
9210424,Rookery,2017,5.4
3182326,Root Canal,2013,5.5
148234,The Grand Day,1989,5.1
875003,Day of the Angel,1994,6.5
1151393,Rooz-e sheytan,1994,5.3
9005376,Orange Days,2018,6.0
6761414,Days of Life,2012,6.0
5268788,Roozi ke Khastegar Amad,1996,4.0
260332,The Day I Became a Woman,2000,7.3
7897124,Roshanak,2015,7.4
381552,Rostam va Sohrab,1957,5.8
6136616,Scandal 2,2016,2.2
2358992,Growing in the Wind,2012,6.1
382949,Report Card Day,2003,2.6
3962214,Cinema Dream,2012,6.7
1105380,The Wet Dream,2006,5.0
978695,Roya-ye nime-shab-e tabestan,1994,6.6
2266819,The Yellow Rose,2003,3.4
114310,The Blue-Veiled,1995,6.8
344283,The Prostitute,1969,6.3
11616216,Russian,2019,3.2
114312,The Fateful Day,1995,7.3
1068664,The Third Day,2007,6.3
2465646,Saad Saal Be In Salha (Miss Iran),2007,6.3
2083320,Felicity Land,2011,6.5
6217564,5 in the Afternoon,2017,4.7
413222,The Hundred Kilo Bridegroom,1961,4.9
6207956,Blockage,2017,6.2
69206,Sadegh the Kurd,1972,6.5
111053,Safar,1996,6.3
780131,Journey to Chazzabeh,1996,6.0
1104118,Bon Voyage!,1994,5.9
283431,Kandahar,2001,6.8
79841,Journey of the Stone,1978,6.2
254744,Safar-e Jadui,1990,6.0
1111404,The Crimson Journey,2000,7.0
821803,Safir,1982,5.0
1087643,Saghi,2002,3.2
278006,Killing Mad Dogs,2001,7.7
423110,The Shores of Anticipation,1963,5.8
495753,The Sorceress,1998,5.6
1921078,Saint Petersburg,2010,6.4
399517,Prostration on Water,1998,6.9
6217112,Resident of the Middle Floor,2014,5.3
438388,From the Land of Silence,2004,6.9
78196,Made in Iran,1978,6.7
450126,Salad-e fasl,2005,5.2
7520478,Salam Bar Eshgh,2010,4.1
6834432,Hello Angels,2012,5.0
4780818,Hello Love,1974,6.3
6173830,Best of the Valiants,1968,3.3
10059236,My Second Year in College,2019,4.6
2266823,Salome,1974,4.1
1091840,Sam and Nargess,2000,4.1
72111,Samad Becomes an Actor,1974,7.1
70626,Samad Goes to the School,1973,7.0
1112742,Samad Goes to the City,1979,6.9
76656,Samad in the Way of Dragon,1977,6.9
821806,Samad Becomes Homeless,1978,6.9
73651,Samad Becomes Fortunate,1975,6.6
67703,Samad and Foolad Zereh-the ogre,1972,6.8
67704,Samad and the Carpet of Hazrat Suleman,1971,6.5
69213,Samad and Sami-Leyla and Lili,1972,6.5
11588714,Samurai in Berlin,2019,3.1
254749,Sanam,2000,6.4
2111404,Empty Chair,2008,5.4
1908556,Rock-Paper-Scissors,2007,4.0
2089789,First Stone,2010,6.0
385277,The Music Man,2007,7.5
3403120,The Sealed Secret,2013,5.1
2338207,Land of the Sun,1996,6.4
6279062,Sar-Goroohban,1972,4.7
111072,Sara,1993,6.6
6213794,Sara and Ayda,2017,4.9
808458,The Mirage,1986,6.8
6254264,Mirage,1973,3.9
12443980,All Through the Night,2020,3.8
1104120,Saray,1997,6.9
385213,Friday's Soldiers,2004,4.7
2265535,Sarboland,1995,3.6
6171324,Sarboland,2008,5.0
943481,Sardar-e jangal,1983,5.6
498249,Sargije,2007,4.2
10810730,Repression,2019,4.7
434324,Delirium,1965,5.6
7899844,Sarshakh,2009,7.5
7901882,Cypress Under Water,2018,5.7
69224,Sattar khan,1972,6.9
821808,Savalan,1989,5.4
1091842,Shadow by Shadow,1997,4.7
1087646,Saye roshan,2001,5.7
4242732,Sayeh Roshan,2013,4.3
2416560,Sayeh Vahshat,2011,6.9
1933642,Shadows of sorrow,1988,5.7
1112744,The Shadows of the Invasion,1992,6.8
6209662,Sayehay movazi,2016,4.7
320423,Tall Shadows of the Wind,1979,7.1
72117,Harmonica,1974,7.5
122240,The Compromise,1974,6.7
13607976,Tuneless Instruments,2020,5.8
3127636,Scandal,2013,3.7
5994870,Scissor,2016,4.5
7762444,Three Strangers,2017,3.5
5898098,Three Fish,2015,5.6
1111406,Three Private Detectives,1965,4.3
8269552,3 Faces,2018,7.0
1116824,Se ta jahel,1971,4.5
320430,Knucklebones,1971,6.5
1091668,Seahorses,2007,7.9
5361684,Second Take on the First Incident,2016,8.1
1911623,Sedaha,2009,5.5
3963150,The Sound of My Foot,2011,6.6
4966418,Seh Delbakhteh,1977,4.6
2085917,Three and a Half,2011,5.3
1107949,Sekke-ye shans,1970,5.6
183752,Selahattin Eyyubi,1970,4.7
1876436,Senator,1983,5.0
75192,The Custodian,1976,6.9
1935223,Being a star,2006,4.5
404415,The Stars Glitter,1960,2.1
1640700,Stars 3: Was a Star,2004,5.5
1900971,Setareh Mishavad,2006,4.9
11102282,Seven and a Half,2019,6.3
816176,Wedding Dinner,2006,4.0
379497,The Last Supper,2002,5.9
1900973,The Night,2008,5.6
6217848,Night-Outdoor,2014,4.2
2117958,Goodbye Life,2006,5.8
1118627,Shab-e berehne,2001,5.0
793572,The 29th Night,1989,6.4
1094656,Night of Foreigners,1975,6.6
6218678,The Night of the Incident,2008,5.2
293588,The Night of the Angels,1968,5.1
320449,A Party in Hell,1956,6.7
5836536,Shab-shekan,1984,4.6
2967000,Shabaane Rooz,2011,4.4
149071,Spectre of Scorpion,1987,6.7
5390400,The Network,2012,5.4
7762454,Shabash,2017,3.5
5177940,Endless Night,1999,7.1
1431314,The Longest Night,2001,7.1
311583,Night of the Hunchback,1965,7.0
877708,Shabhaye Tehran,2001,4.2
102892,The Nights of Zayandeh-Rood,1990,6.5
423166,White Nights,2003,7.7
9817018,When the Moon Was Full,2019,6.7
5793930,Shabzade,2007,6.1
6266552,Joys of Life,1976,3.9
486911,Poet of the Wastes,2005,5.5
11031792,Kingslayer,2019,3.4
3919592,The Silent King,2003,4.2
344321,The City of Tales,1972,6.9
254769,City of Mice,1986,7.3
424434,Beautiful City,2004,7.7
1155729,The Artery,1975,4.4
5657514,A Flower for the Bride,2005,3.7
433638,A Candle in the Wind,2004,5.8
320452,The Last Supper,1976,6.3
6227144,Chanél,2017,5.0
1087649,Shangoul and Mangoul,1989,4.6
7686414,Sharareh,1999,4.0
2266829,The Charlatan,2005,2.7
978709,Shame,1992,7.7
2338231,Sharte Aval,2011,3.5
318069,The Chess of the Wind,1976,7.3
96092,Maybe Some Other Time,1988,7.2
72151,Prince Ehtejab,1974,6.7
1919064,Sheida,1999,6.4
1105384,Sheikh Saleh,1973,2.7
434338,The Naughty One,1965,4.4
6038598,The Gap,2015,5.2
1155730,Hunt,1987,6.9
1190072,The Hunter,2010,6.3
399655,The Silent Hunt,1990,6.2
1933645,Invincible,1974,6.2
268634,Swimming in the Winter,1990,6.1
11697844,There Is No Evil,2020,7.2
5179252,Night Shift,2015,4.7
793574,Shifteh,2000,5.0
867426,Shilat,1984,6.1
6389336,Milk and Honey,2010,3.4
122708,The Stone Lion,1987,6.6
2504402,Shir too Shir,2012,6.5
2198774,Shir-too-shir,1972,5.2
96097,Shirak,1988,5.8
2301153,Young Lions,2000,3.2
1284587,Shirin,2008,6.7
176136,Shirin va Farhad,1934,6.4
142843,Madam Ahou's Husband,1968,6.0
11417018,Shohar-e pastorize,1971,5.0
923719,Hemlock,1999,6.7
293594,The Glory of Gallantry,1968,7.7
6219974,Flaming,2018,5.5
8967900,Soheila No. 17,2017,5.7
7881990,Passion of Love,2001,4.2
2162870,Shoorideh,2006,2.8
5479700,Cyanide,2016,5.8
1105387,Siavash,1999,3.8
207106,Siyavosh at Persepolis,1967,7.2
156901,The Apple,1998,7.2
1291142,Eve's Red Apple,1999,3.7
468871,Portrait of a Lady Far Away,2005,5.9
6188958,Cinema Is Cinema,1998,5.0
2266835,Sine-chak,1977,3.9
1134646,Red Robin,2007,7.1
7550566,The Big Circus,1992,4.6
2301165,Six and Five,2011,4.3
4080028,Thirteen,2014,6.2
1849858,Thirteen 59,2011,4.6
7512566,The Skier,2017,6.9
11770890,Skin,2020,6.6
9034180,Sly,2018,4.1
4089238,Smiling in the Rain,2011,2.5
1935232,So'oud,1988,4.6
1105388,The Morning of the Fourth Day,1972,6.4
2268557,Breakfast for two,2004,4.4
1331008,Another Morning,2006,7.9
326179,Iranian Spread,2002,7.6
2404636,Foreign Souvenir,2006,3.7
5390266,Sogoli,1970,4.4
1105389,Sohrab,1999,3.9
379511,Silence Between Two Thoughts,2003,6.7
152438,The Silence,1998,7.0
344352,Soltan,1997,5.3
293608,King of the Hearts,1968,6.9
7563924,Sometimes,2015,5.5
10888684,Son-Mother,2019,7.2
7897316,Misunderstanding,2018,4.5
7827022,Suspicion,1993,5.0
1855282,Mourning,2011,7.0
409344,Pink,2003,4.6
78299,Desiderium,1978,8.3
6275138,Sophie & the Mad,2017,5.3
96141,The Lead,1989,6.4
8522820,The Warden,2019,7.4
320504,Sorkhpustha,1979,5.9
12178152,Colchicum,2019,5.7
2085927,Final Whistle,2011,4.8
7893350,Spaghetti in 8 Minutes,2005,3.8
3696808,Special Line,2014,6.4
4163264,Sperm Whale,2015,6.3
5658296,Sperm Whale: Roya's Selection,2017,5.2
6215338,Stolen,2016,4.5
8320048,Story of my father's bike & me,2012,6.3
290298,Strangers,2000,6.7
158246,Subha-O-Sham,1971,6.5
9173924,Sunset Truck,2017,7.5
1431326,Superstar,2009,6.1
8027868,Symphony No. 9,2019,5.3
13250016,For Ever,2020,3.1
6257386,To the Last Breath,1978,2.4
8030918,Ta'assob,1975,8.0
120265,Taste of Cherry,1997,7.7
1087655,The Exiles,1991,4.3
2500526,Third Floor,2010,5.0
3676026,Sensitive Floor,2014,5.6
6213850,Searing Summer,2017,5.6
5817498,Tabestane Aziz,2009,4.0
72248,Still Life,1974,7.8
464691,Left Food Forward on the Beat,2005,6.9
4938858,Taboo,2015,5.0
2451640,Taboor,2012,5.8
70766,The Experience,1973,7.0
1094280,Tael,1985,4.8
1111954,Crossroads,2006,5.9
6227150,Taghbaz,2018,7.0
348171,Tahran macerasi,1968,6.9
3209260,Taj Mahal,2013,6.5
1094281,Tajavoz,1972,7.0
4424330,Tajrish... an unfinished story,2014,5.0
976176,Lonesome Trees,2007,6.2
793585,The Triple Bed,1972,4.8
260413,Takhti,1998,5.3
246266,Blackboards,2000,6.9
2212824,Resting Against the Wind,1978,5.0
1804642,Gold and Copper,2010,7.3
415305,White Gold,1962,4.7
371280,Crimson Gold,2003,7.5
7335748,Taleh,2005,4.6
265843,Tales of an Island,2000,5.5
9816988,Gold,2019,5.2
1091856,All the Temptations of the Earth,1989,7.2
6570972,Simulation,2017,6.7
5838502,Contact,1990,3.6
793586,Tamas-e sheytani,1992,5.1
3719560,Sweet Taste of Imagination,2014,5.2
5244918,Raspberry,2014,5.2
293630,The Dragon Gorge,1968,4.6
7897306,The Lost Strait,2018,6.5
70773,Strait,1973,6.8
9630874,Tangna,2006,4.6
72254,Tight Spot,1973,7.8
1431332,We Only Live Twice,2008,7.4
7213368,All Alone: The Messenger of Peace,2013,8.2
91545,Dust Devil,1986,6.1
344426,Taraj,1985,6.0
12993100,Taraneh,2020,6.4
1226307,Lonely Tunes of Tehran,2008,6.9
426254,The Village Songs,1964,5.8
1371723,Doubt,2009,6.0
423320,The Cobweb,1963,1.8
316729,Shrapnels in Peace,2001,6.9
11268596,Tarzan o Tarzan,2001,4.5
1856748,Pay Back,2010,3.9
2281483,The last image,1987,6.4
1948629,Tatooreh,1985,4.8
178055,Birth of a Butterfly,1997,6.7
1091857,Tavarish,1994,5.7
4359416,Taxi,2015,7.3
262213,The Legend of Love,2000,5.9
79997,Ballad of Tara,1979,7.4
8149800,Tear and Silence,2012,5.6
3422716,Tehran 2121 AD,2012,4.4
398362,Tehran 7:00 a.m.,2003,7.0
4955970,Once Upon a Time in Tehran,1999,7.5
1667121,Tehran-Tehran,2010,5.2
8152750,Tehran: City of Love,2018,7.2
1499937,Tehroun,2009,6.8
344435,The Trade,1995,3.8
2266849,Leaning on the wind,2000,4.5
96242,The Spell,1987,6.6
310212,Broken Spell,1959,3.6
8377736,Texas,2018,3.4
11027104,Texas 2,2019,4.0
2083354,The Attack on H3,1995,6.9
11222962,The Badger,2020,7.8
4008544,The Bright Day,2013,6.4
5200822,The Burnt Twigs,1977,7.6
9764972,The Crypt,2018,4.5
11555166,The Death Story of Sohrab,2017,9.0
5838908,The Descendants,2016,6.4
5192374,The Dream of Water,2016,6.5
6355328,The Elephant King,2017,5.0
2258651,The Freeway,2012,5.8
7908498,The Game: Bazi,2008,4.0
10592390,The Glass Love,2000,4.1
2339707,The Golden Collars,2012,3.0
8117974,The Hedgehogs,2010,4.7
7329128,The Hostage,1996,5.4
63137,The Invincible Six,1970,5.7
7897186,The Iranian Man,2013,7.5
4773054,The Last Fiction,2018,6.6
2627798,The Last Station,2011,4.0
1508694,The Man Who Came with the Snow,2009,6.5
1798276,The Maritime Silk Road,2011,6.0
253249,The Mix,2000,5.7
1930420,Ephemeral Marriage,2011,6.7
3757216,The Monster,2015,2.7
5216606,The Nameless Alley,2015,5.8
8102806,The Night,2020,5.8
6886734,The Story of Night,1973,7.1
2848876,The Painting Pool,2013,7.4
6282694,The Passage,1986,6.0
2420018,The Paternal House,2012,6.6
2247053,The Path Taken,2005,5.0
7429708,Pig,2018,6.1
5966242,The Pot and the Oak,2017,8.0
3898912,The Prank,1999,5.5
4246774,The President's Cell Phone,2012,4.4
2548096,The Queen,2012,6.5
11771204,The Rain Falls Where it Will,2020,5.7
7563890,The Record Is Equal To The Document,2017,4.3
6206820,The Red Trauma,2017,4.3
10488892,The Redtails,2018,3.8
7380834,The Road of Love,2017,7.1
7422294,The Road to Shahriyar,2015,4.0
7127956,The Sale,2014,5.5
4247138,The Sea and the Flying Fish,2015,6.0
1870555,The Second Wife,2007,4.9
5955756,The Secret Club,1999,4.2
11248618,The Secret of Butterflies,2019,8.0
8051714,The Sign of Angel,2012,7.3
2338337,The Sinners,2012,5.7
2433530,The Story of Davood and the Dove,2011,7.0
2247061,The Strangers,2009,3.0
2247063,The Sun Shines on All Equally,2006,6.7
2040569,The Swallows in Love,2011,4.4
7342418,The Third Wave,2009,2.4
5116818,The Twelve Seats,2012,5.0
11777056,The Undercover,2020,6.8
5032216,The Veiled Sorrow in the Depth of the Calm of the Whale,2012,6.8
3540420,The Wedlock,2014,6.2
5996442,The Wednesday,2016,6.0
2173366,The Wooden Bridge,2012,5.6
1677686,Theory PAL,2008,5.9
2970322,Thesis,2010,1.8
8465094,Thirteen Cats on the Hot Gabled Roof,2004,3.1
111425,Tick Tack,1994,6.2
12832150,Blade and Termeh,2019,4.6
344464,The Blade and the Silk,1987,5.4
1116846,Tigh-e aftab,1990,4.4
6173054,Tigh-e aftab,1973,4.0
1896849,Tigh-zan,2008,2.7
7122896,Tik,2001,3.3
13534806,Titi,2020,8.2
314789,You Are Free,2001,7.4
2669718,You and Me,2011,2.5
780164,The Bait,1992,4.2
4786028,Repentance,1972,3.0
86453,Tobeh Nosuh,1983,3.3
1116847,The Musketeer,1984,5.1
2418328,Tofigh-e Ejbari,2007,4.6
12438950,Together Again,2015,6.5
1877814,The Indian Gift,1994,4.6
7246872,Tokyo-Non-Stop,2003,4.6
318137,Sunrise,1970,6.6
5838520,Tooba,1989,4.4
382344,Storm in Our Town,1958,6.6
11771310,Tooman,2020,6.3
10786684,Top Gear,2019,3.2
123304,Topoli,1972,5.5
1914389,Turkmen,1974,4.8
9037404,Tornado 1,2019,3.5
1933669,Conspiracy,1996,5.2
4242702,Totol & Mystery Chest,2014,6.4
293661,Storm Over Petra,1968,6.6
67869,The Ring-necked Dove,1970,6.6
2268629,You That I Didn't Know,1991,6.0
3839906,Track 143,2014,7.2
5101886,Tragedy,2014,5.3
1600756,Train,1988,6.3
2575290,Train Station,2015,5.7
11564452,Tsunami,2019,5.0
7894866,Tu Mimani,2017,7.0
344497,Storm,1997,4.8
318147,Tuti,1977,5.9
6220974,Twenty Weeks,2013,5.3
2638018,Twilight,2006,5.3
6217816,Two,2015,4.6
6826434,Two Windows,2017,7.4
4273292,Under the Shadow,2016,6.9
12233592,Under the magnifying glass of God,2017,4.4
5644794,Undocument,2017,7.4
6495522,Unfinished Lights,2017,4.3
4253492,Unforgotten Positives,2004,7.8
11122430,Untimely,2020,8.9
2820908,Utopie,2014,6.8
354378,And Along Came a Spider,2003,7.7
3667338,The Time of Harvesting the Walnuts,2003,4.9
1431342,When We Are All Sleep,2009,6.7
841186,When Everybody Was Asleep,2006,6.3
845542,Vaghti ke aseman beshkafad,1976,5.1
1497629,When the Lemons Turned Yellow,2009,7.4
419243,Horror,1963,4.7
498261,Vakil-e avval,1988,5.6
386843,The Fifth Reaction,2003,5.8
5559494,Valderrama,2016,6.7
6254238,Mr. Mostafa's Mother,1976,2.4
334595,Spring Variety Show,1949,6.2
5695764,Inversion,2016,6.2
415349,Incorrigible,1962,1.6
1113831,Vasl-e nikan,1992,6.0
951341,Vasvaseh,1990,5.6
320719,Vagabond,1950,3.9
6213880,Villa Dwellers,2017,6.1
965236,Virangar,1995,2.9
1985266,No Men Allowed,2011,6.7
7033284,Waiting for Kiarostami,2017,7.2
5860270,Walking Tall,2005,4.8
6224750,Walking on String,2017,4.5
5881460,Wander About Me,2017,5.6
8748698,Wavelength,2018,6.3
11238648,We Are All Together,2019,4.2
7563942,We Are So Cool,2018,3.5
7188250,We Like You Miss Yaya,2018,2.3
11507134,Weightlessness,2019,3.5
2349630,Whatever God Wants,2010,3.6
10004396,When I Became a Butterfly,2018,5.9
5700926,Where Are My Shoes?,2016,5.9
3131732,Which Esteghlal? Which Perspolice?,2006,3.1
8442002,White Forehead 2,2018,4.2
9591766,White Forehead 3,2019,5.1
7203412,Wing Mirror,2017,4.2
8144694,Winter Dreams,2008,4.3
6580302,Wishbone,2017,8.0
1814951,Women Are Angels,2008,3.7
13075418,Women Are Angels 2,2020,3.4
8147158,Women Are Incredible,2011,3.4
11242700,Women Who Run with the Wolves,2019,6.7
2111490,Writing on the Earth,2005,6.4
5783472,Three-Eyed Ruby,1970,6.5
4971830,Yahya Didn't Keep Quiet,2015,6.3
9834492,Yalda-a Night for Forgivness,2019,6.1
1102365,Yaran,1993,4.3
4190256,The Orphanage,2016,6.0
2465620,A Simple Love Story,2012,4.6
1846445,A Cube of Sugar,2011,7.2
6051940,An Isfahani in New York,1972,4.9
1112771,Yek Esfahani dar sarzamin-e Hitler,1976,5.3
70938,A Simple Event,1974,7.3
4258446,One Step to God,2005,6.1
9690444,One Canary One Crow,2015,5.2
439889,A Little Kiss,2005,6.5
953659,A Suitcaseful of Sex,1971,5.2
407334,One Step to Death,1961,6.6
2229056,A Respectable Family,2012,6.5
6290600,A Man- a City,1971,6.2
1924454,One Millionaire and Two Have-nots,1972,4.8
432458,A Perfect Gentleman,1965,3.6
6211506,A Special Day,2017,5.2
279998,One More Day,2000,6.4
3476544,Another Day,2012,6.7
2294955,One Line of Reality,2012,5.5
470612,One Night,2005,5.8
470966,A Piece of Bread,2005,6.9
1521858,A Span of Heaven,2009,8.5
283155,Once for Ever,1993,6.1
2258513,One 2 One,2011,6.8
3718222,Someone Wants to Talk with You,2012,5.6
1856770,Principles,2011,3.9
793607,Once Upon a Time,1999,6.4
7228134,Yellow,2017,5.3
793608,Yoozpalang,1985,5.0
7525160,Yoresh,1998,4.2
293716,Joseph and Zuleika,1968,5.2
6416858,ZAR,2017,6.4
495777,Zabih,1975,6.6
1431347,Motherland,2009,5.0
5380232,Zafar,1972,5.6
10488912,Snake Venom,2019,4.0
417287,Poisonous Honey,2003,3.4
1106891,Zakhmi,1997,4.1
889236,Zaman mi-istad,2006,4.3
1155769,Zamaneh,2001,3.4
1874824,Zamani baraye doust dashtan,2008,7.5
259072,A Time for Drunken Horses,2000,7.7
417288,The Bitter Earth,1963,7.2
961170,Virgin Woman,1973,5.8
6479294,The One-night Wife,1971,2.6
484904,The Unwanted Woman,2005,5.3
1498887,Women Without Men,2009,6.3
7620732,Zanane Venusi- Mardane Merikhi,2011,3.7
122326,The Falconet,1975,6.2
1433857,Life with Closed Eyes,2010,5.5
7696006,Zane Badali,2005,4.7
12862960,Zang Hesab,2012,6.3
90364,Rings,1986,5.0
417289,Women Are Angels,1963,5.9
293717,A Woman Called Sharab,1967,5.8
5940882,Spare,2016,5.2
320787,The Strike,1964,6.7
96498,Canary Yellow,1989,5.5
2489408,Bulletproof,2012,5.2
499166,It's Winter,2006,6.7
332834,Women's Prison,2002,6.5
320788,Long Live...!,1980,6.2
11591516,Sweet Life,2009,5.5
383725,Life Is Sweet,1956,7.4
105888,And Life Goes On,1992,7.9
2334034,The Private Life of Mr. & Mrs. M,2012,5.5
11768018,Zero Day,2020,6.5
2575948,The Ugly and the Beautiful,1999,7.5
344596,The Feast,1996,5.4
2154780,Ziba,2012,5.0
2691540,Ziba and I,2012,5.0
111844,Zinat,1994,5.7
2363523,Under the Peach Tree,2007,5.8
1139144,Under the Roofs of the City,1990,6.0
