tradeName,unitPrice,GenericFlag
Abacavir Sulfate,4,False
Abarelix,34,False
Abatacept,15,True
Abciximab,35,False
Abelcet,7,False
Abilify,19,True
Abraxane,13,False
Acamprosate Calcium,10,False
Acarbose,33,False
Accolate,28,True
Accretropin,16,True
AccuNeb,39,False
Accupril,18,True
Accutane,10,True
Acebutolol,38,False
Aceon,10,False
Acetadote,39,True
Acetaminophen,6,True
Acetic Acid,16,True
Aci-Jel,29,False
Aciphex,37,False
Acitretin,19,True
Aclovate,32,True
Acrivastine and Pseudoephedrine,5,False
Actemra,9,False
Acthrel,9,False
Acticin,33,False
Actimmune,30,True
Actiq,13,True
Actisite,11,True
Activase,4,False
Activella,34,True
Actonel,24,False
Actos,16,False
Acular,4,False
Acular LS,34,False
Acuvail,16,False
Acyclovir,38,True
Adacel,35,True
Adagen,13,False
Adalat CC,27,True
Adalimumab,24,True
Adapalene,37,False
Adcirca,4,True
Adderall,6,False
Adderall XR,29,False
Adefovir Dipivoxil,40,True
Adenoscan,23,True
Adenosine,12,False
Adipex-P,38,False
Adoxa,31,False
Adrenalin,35,False
AdreView,16,False
Adriamycin PFS,25,True
Advair Diskus,32,True
Advair HFA,40,True
Advicor,11,False
Aerospan HFA,4,True
Afinitor,16,True
Afluria,8,False
Agalsidase Beta,10,True
Aggrastat,11,False
Aggrenox,25,True
Agrylin,28,True
Ak-Fluor,26,True
Akineton,5,True
Alamast,12,False
Albendazole,11,False
Albenza,24,True
Albumin-Human,25,False
Albuminar,15,False
Albuterol Sulfate,12,True
Albuterol Sulfate Inhalation Aerosol,35,True
Alcaine,9,True
Alclometasone Dipropionate,13,True
Aldactazide,24,True
Aldactone,19,False
Aldara,34,True
Aldesleukin,37,False
Aldomet,32,False
Aldoril,12,False
Aldurazyme,28,True
Alefacept,9,True
Alemtuzumab,29,False
Alendronate Sodium,32,True
Alesse,15,True
Alfenta,36,False
Alfentanil,6,False
Alfuzosin HCl,15,False
Alglucosidase Alfa,38,True
Alimta,6,False
Alinia,13,True
Alitretinoin,33,False
Alkeran,23,False
Allegra,24,False
Allegra-D,34,True
Allegra D 24 Hour,25,False
Allernaze,16,True
Alli,21,True
Allopurinol,9,False
Almotriptan Malate,37,True
Alocril,7,False
Alomide,23,False
Aloprim,17,False
Alora,20,True
Alosetron Hydrochloride,11,False
Aloxi,26,True
Alphanate,21,True
Alprazolam,13,True
Alprostadil,40,False
Alrex,37,False
Alsuma,32,True
Altabax,40,True
Altace,31,False
Alteplase,27,False
Altocor,20,False
Altoprev,35,True
Altretamine,8,True
Alupent,30,False
Alvesco,23,True
Amantadine Hydrochloride,39,True
Amaryl,38,False
Ambien,27,False
Ambien CR,35,False
Ambisome,33,True
Amerge,6,False
Americaine,17,True
Amevive,39,False
Amicar,6,False
Amifostine,7,False
Amikacin,15,False
Amikin,23,False
Amiloride,40,False
Amiloride and Hydrochlorothiazide,33,True
Amiloride Hydrochloride,25,True
Amino Acids,11,False
Aminocaproic Acid,11,True
Aminoglutethimide,18,False
Aminohippurate Sodium,9,False
Aminolevulinic Acid,7,True
Aminosalicylic Acid,7,False
Aminosyn II 8.5%,4,False
Aminosyn II in Dextrose,36,True
Amitiza,20,True
Amitriptyline,32,True
Amlexanox,12,False
Amlodipine Besylate,7,False
Amoxapine,27,True
Amoxicillin,33,True
Amoxicillin Clavulanate,26,False
Amoxil,21,True
Amphadase,7,False
Amphetamine,23,True
Amphotericin B,36,True
Ampicillin,34,False
Ampyra,16,False
Amrix,18,True
Amyl Nitrite,40,False
Amytal Sodium,35,True
Anabolic steroids,22,False
Anadrol-50,22,False
Anafranil,21,True
Anagrelide,20,True
Anakinra,12,True
Anastrozole,20,False
Ancobon,35,False
Androderm,9,True
AndroGel,32,True
Anectine,29,False
Angeliq,23,True
Angiomax,16,False
Anidulafungin,33,False
Anisindione,19,True
Ansaid,37,True
Antabuse,37,False
Antara,30,False
Anthralin,25,True
Antihemophilic Factor,27,False
Antithrombin,31,False
Antivenin,40,True
Antivert,8,False
Antizol,20,True
Anturane,20,False
Anusol Hc,16,False
Aphthasol,39,True
Apidra,7,False
Aplenzin,21,True
Apokyn,35,True
Apomorphine,31,True
Apraclonidine,38,False
Apresazide,21,False
Apresoline,7,True
Apri,22,True
Apriso,29,False
Aprotinin,4,True
Aptivus,6,False
Aquasol A,25,True
Aralen,36,True
Aramine,18,False
Aranesp,23,False
Arava,30,True
Arcalyst,23,True
Aredia,11,True
Argatroban,17,True
Aricept,23,False
Arimidex,19,True
Aripiprazole,9,True
Aristocort,32,True
Arixtra,24,False
Armodafinil,13,False
Aromasin,16,True
Arranon,35,True
Artane,22,True
Arthrotec,29,False
Arzerra,20,True
Asacol,29,True
Asacol HD,5,False
Asclera,14,False
Ascorbic Acid,28,False
Asmanex Twisthaler,18,False
Asparaginase,30,True
Aspirin,6,True
Astelin,36,False
Astemizole,8,False
Astepro,16,True
Atacand,34,True
Atacand HCT,30,True
Atazanavir Sulfate,14,True
Atenolol and Chlorthalidone,23,True
Atgam,39,False
Ativan,20,True
Atomoxetine HCl,38,False
Atorvastatin Calcium,17,True
Atovaquone,29,True
Atracurium Besylate,36,False
Atralin,6,True
Atridox,9,False
Atripla,24,False
Atromid-S,19,False
Atropen,7,True
Atropine,9,True
Atrovent HFA,21,False
Atryn,23,False
Augmentin,10,True
Augmentin XR,40,False
Auralgan,37,True
Avage,20,False
Avalide,15,True
Avandamet,32,True
Avandaryl,29,True
Avandia,15,False
Avapro,28,True
Avastin,32,False
Avelox,33,True
Avinza,36,False
Avodart,36,True
Avonex,8,True
Axert,34,True
Axid,9,True
Aygestin,40,False
Azacitidine,26,True
Azasan,20,True
Azasite,6,False
Azathioprine,4,False
Azelaic Acid,4,False
Azelastine Hydrochloride,24,False
Azelex,4,False
Azilect,36,True
Azithromycin,36,False
Azmacort,40,True
Azopt,40,False
Azor,38,False
Azulfidine EN-Tabs,8,True
Bacitracin,10,True
Baclofen,37,True
Bactrim,36,False
Bactroban Nasal,20,False
Balsalazide,15,True
Banzel,17,True
Baraclude,21,False
Basiliximab,20,False
Baycol,8,False
Bayer,11,True
Becaplermin,27,False
Beconase,15,False
Benadryl,14,False
Benazepril,34,True
Benefix,13,True
Benicar,7,False
Benicar HCT,23,True
Bentyl,10,True
BenzaClin,22,False
Benzagel,15,True
Benzamycin,14,True
Benzocaine,39,False
Benzonatate,12,True
Benzoyl Peroxide Gel,10,True
Benzphetamine,12,False
Benztropine Mesylate,8,False
Bepreve,16,True
Bepridil,37,False
Beractant,24,True
Besivance,20,True
Betagan,40,False
Betamethasone,5,False
Betamethasone Dipropionate,8,True
Betapace,31,True
Betapace AF,16,False
Betaseron,12,False
Betaxolol Hydrochloride,35,False
Betaxon,22,True
Bethanechol,17,False
Bethanechol Chloride,6,True
Betimol,17,True
Betoptic S,28,True
Bevacizumab,7,True
Bexarotene,9,False
Bextra,23,True
Bexxar,10,True
Bicalutamide,21,False
Bicillin C-R 900/300,32,True
BiCNU,34,True
BiDil,34,False
Biltricide,8,True
Bioclate,4,False
BioThrax,18,True
Biperiden,24,False
Bismuth Subcitrate Potassium,7,False
Bismuth Subsalicylate,18,True
Bisoprolol Fumarate,6,True
Bivalirudin,14,True
Blenoxane,15,True
Bleph 10,20,True
Blocadren,17,False
Boniva,9,True
Bontril,5,False
Boostrix,13,False
Bortezomib,12,True
Bosentan,21,True
Botox,18,True
Botox Cosmetic,20,False
Botulinum Toxin Type A,40,True
Botulinum Toxin Type B,15,True
Bravelle,9,True
Bretylium,39,False
Brevibloc,33,True
Brevicon,39,False
Brevital Sodium,23,False
Brimonidine Tartrate,32,False
Bromfenac Ophthalmic Solution,19,True
Bromocriptine Mesylate,9,False
Brovana,39,False
Budesonide,27,True
Bumetanide,32,True
Bumex,37,False
Buphenyl,35,False
Buprenex,8,True
Buprenorphine,32,True
Bupropion Hcl,27,False
Buspar,33,False
Buspirone,13,True
Busulfan,20,True
Busulfex,14,True
Butenafine,35,True
Butisol,36,False
Butoconazole,17,True
Butorphanol Tartrate,28,True
Butrans,15,False
Byetta,7,True
Ca-DTPA,8,False
Cabergoline,30,True
Caduet,19,True
Cafcit,25,False
Cafergot,35,True
Caffeine Citrate,15,True
Calan,10,False
Calciferol,17,True
Calcitonin-Salmon,24,True
Calcitriol,19,False
Calcium Chloride,17,False
Calcium Disodium Versenate,11,False
Calcium Gluconate,20,True
Calfactant,21,True
Cambia,13,False
Campath,34,False
Campral,23,True
Canasa,39,True
Cancidas,37,False
Candesartan Cilexetil,14,False
Cantil,25,False
Capastat Sulfate,12,False
Capecitabine,7,True
Capoten,13,True
Capozide,30,False
Captopril,31,False
Captopril and Hydrochlorothiazide,36,False
Carac,30,True
Carbaglu,11,True
Carbamazepine,39,False
Carbatrol,14,False
Carbenicillin Indanyl Sodium,36,False
Carbidopa,37,False
Carbocaine,27,True
Carboplatin,24,True
Carboprost Tromethamine,39,True
Cardene SR,18,False
Cardiolite,18,False
Cardizem LA,37,False
Cardura,38,True
Cardura XL,29,True
Carisoprodol,24,True
Carisoprodol and Aspirin,19,False
Carmustine,6,True
Carnitor,22,True
Carteolol,40,True
Carteolol Hydrochloride,18,False
Cartia XT,37,True
Carvedilol,25,True
Casodex,19,False
Caspofungin Acetate,26,True
Cataflam,16,True
Catapres,20,False
Catapres-TTS,12,False
Caverject,40,False
Caverject Impulse,10,True
Cayston,28,False
Ceclor,13,False
Cedax,5,False
CeeNU,24,False
Cefaclor,25,True
Cefadroxil,31,True
Cefadroxil Hemihydrate,12,True
Cefamandole,13,True
Cefdinir,12,True
Cefditoren Pivoxil,16,True
Cefixime,17,False
Cefizox,26,True
Cefobid,30,False
Cefotan,21,False
Cefotaxime,6,False
Cefotetan,18,True
Cefoxitin,6,False
Cefprozil,8,False
Ceftazidime,12,True
Ceftibuten,12,False
Ceftin,9,True
Ceftizoxime,10,True
Ceftriaxone,27,False
Cefuroxime,11,True
Cefuroxime Axetil,27,True
Cefzil,11,False
Celebrex,15,True
Celecoxib,24,True
Celestone Soluspan,8,False
Celexa,11,False
CellCept,10,True
Cellulose,23,True
Celontin,16,True
Cenestin,18,True
Cephalexin,9,True
Ceprotin,39,False
Ceptaz,18,True
Cerebyx,7,True
Ceredase,31,True
Ceretec,39,True
Cerezyme,40,False
Cerivastatin,20,False
Certolizumab Pegol,20,False
Cerubidine,37,False
Cerumenex,11,False
Cervarix,32,True
Cervidil,16,False
Cesamet,29,False
Cetirizine,34,True
Cetraxal,33,True
Cetrorelix,37,True
Cetrotide,39,False
Cetuximab,35,False
Cevimeline HCL,25,False
Chantix,34,True
Chemet,21,True
Chibroxin,9,False
ChiRhoStim,18,True
Chlor-Trimeton,26,False
Chloral Hydrate,32,True
Chlorambucil,34,True
Chloramphenicol,16,True
Chloramphenicol Sodium Succinate,36,False
Chlordiazepoxide,31,True
Chlorhexidine,18,False
Chloroprocaine,19,False
Chloroptic,34,True
Chloroquine,38,False
Chlorothiazide,6,True
Chlorpheniramine Maleate,21,True
Chlorpromazine,32,False
Chlorpropamide,26,True
Chlorthalidone,23,True
Chlorzoxazone,15,True
Cholera Vaccine,14,True
Cholestyramine,5,False
Choline Magnesium Trisalicylate,32,False
Chorionic Gonadotropin,40,False
Cialis,5,False
Ciclopirox Gel,22,True
Cidofovir,15,False
Cilostazol,36,True
Cimetidine,27,True
Cimzia,37,True
Cinacalcet,38,False
Cinobac,24,True
Cinoxacin,10,False
Cinryze,40,False
Cipro,22,False
Cipro XR,5,True
Ciprodex,24,False
Ciprofloxacin,17,True
Ciprofloxacin and Dexamethasone,40,False
Ciprofloxacin Hcl,26,True
Cisapride,20,False
Cisatracurium Besylate,13,True
Cisplatin,31,True
Citalopram Hydrobromide,17,True
Cladribine,16,False
Claforan,12,False
Clarinex,9,True
Clarinex-D 12 Hour,35,True
Clarinex-D 24 Hour,13,False
Clarithromycin,9,False
Claritin,30,False
Cleocin,31,False
Cleocin T,20,False
Clevidipine Butyrate,8,True
Cleviprex,6,True
Climara,21,True
Climara Pro,37,False
Clindamycin,30,True
Clindamycin Phosphate,34,True
Clindets,17,False
Clinoril,23,False
Clobetasol Propionate,6,True
Clobetasol Propionate Gel,8,True
Clocortolone,19,True
Cloderm,31,True
Clofarabine,14,False
Clofazimine,13,False
Clofibrate,11,True
Clolar,20,False
Clomid,26,True
Clomiphene,16,True
Clomipramine Hcl,15,False
Clonazepam,40,False
Clonidine,40,False
Clopidogrel Bisulfate,15,False
Clorazepate Dipotassium,10,True
Clorpres,40,True
Clotrimazole,31,True
Clozapine,19,False
Clozaril,36,False
Coartem,37,True
Cocaine,39,True
Codeine,40,True
Codeine Phosphate,38,False
Codeine Sulfate,33,True
Cogentin,21,True
Cognex,7,False
Colazal,23,True
Colchicine,24,True
Colcrys,35,False
Colesevelam Hcl,19,False
Colestid,18,False
Colestipol,28,False
Collagenase,37,True
Coly-Mycin M,38,True
Coly-Mycin S Otic,10,True
Combigan,24,True
CombiPatch,14,False
Combivent,29,True
Combivir,20,True
Combunox,26,False
Compazine,33,True
Compro,39,False
Comtan,13,False
Comvax,11,False
Concerta,21,False
Conjugated Estrogens,18,False
Copaxone,39,False
Copegus,38,True
Cordarone,8,False
Coreg,13,True
Coreg CR,38,True
Corgard,40,True
Corlopam,8,False
Cortaid,23,True
Cortef,16,False
Cortenema,38,False
Cortisone Acetate,37,True
Cortone,36,False
Cortrosyn,23,True
Corvert,40,False
Corzide,16,True
Cosmegen,6,True
Cosopt,5,False
Cosyntropin,36,True
Coumadin,6,True
Covera-HS,7,True
Cozaar,18,False
Creon,24,False
Crestor,28,True
Crixivan,34,False
Crofab,30,False
Crolom,21,True
Cromolyn Sodium,21,False
Cubicin,22,True
Cuprimine,10,True
Curosurf,24,False
Cuvposa,29,True
Cyanocobalamin,28,False
Cyanokit,15,False
Cyclessa,40,False
Cyclobenzaprine Hcl,32,False
Cyclophosphamide,28,True
Cycloset,20,False
Cyclosporine,34,True
Cyklokapron,22,True
Cylert,23,True
Cymbalta,25,True
Cyproheptadine,21,True
Cyproheptadine Hydrochloride,9,True
Cystadane,19,True
Cystagon,30,False
Cysteamine Bitartrate,33,True
Cysview,13,False
Cytadren,33,False
Cytarabine,21,True
Cytogam,30,True
Cytomel,24,True
Cytotec,11,True
Cytovene,16,False
Cytoxan,4,True
Dacarbazine,12,True
Daclizumab,9,True
Dacogen,26,True
Dactinomycin,14,False
Dalmane,4,True
Dalteparin,13,True
Danazol,28,True
Dapsone,36,False
Daptacel,7,False
Daraprim,35,True
Darbepoetin Alfa,29,True
Darunavir,23,False
Darvocet-N,29,True
Darvon,14,True
Darvon Compound,36,False
Dasatinib,19,True
Daunorubicin,4,False
Daypro,37,True
Daypro Alta,21,False
Daytrana,14,False
DDAVP,14,True
DDAVP Nasal Spray,5,True
DDAVP Rhinal Tube,15,True
Decadron,6,False
Declomycin,23,False
Deferasirox,27,True
Deferoxamine,5,False
Definity,33,True
Dehydrated Alcohol,7,True
Delatestryl,10,False
Delavirdine Mesylate,10,True
Delestrogen,7,False
Deltasone,17,False
Demadex,21,True
Demeclocycline HCl,21,True
Demerol,7,True
Demser,32,True
Demulen,40,False
Denavir,17,True
Denileukin Diftitox,39,True
Depacon,35,False
Depakene,23,False
Depakote,34,True
Depakote ER,18,False
Depo-Estradiol,22,True
Depo-SubQ Provera,8,True
Depo-Testosterone,16,True
DepoCyt,29,True
DepoDur,40,False
Derma-Smoothe/FS,5,False
Desferal,25,False
Desflurane,12,False
Desipramine Hydrochloride,4,False
Desloratadine,17,True
Desloratadine and Pseudoephedrine Sulfate,33,False
Desmopressin Acetate,14,False
Desogen,16,False
Desogestrel and Ethinyl Estradiol,10,False
Desonate,32,True
DesOwen,16,True
Desoximetasone,12,False
Desoxyn,7,True
Desyrel,36,True
Detrol,12,False
Detrol LA,38,True
Dexamethasone,5,False
Dexedrine,39,False
Dexfenfluramine,14,True
Dexilant,11,False
Dexlansoprazole,36,False
Dexmedetomidine hydrochloride,33,False
Dexmethylphenidate Hydrochloride,9,True
Dexrazoxane,12,True
Dextroamphetamine,32,True
Dht,9,True
DiaBeta,24,False
Diabinese,35,False
Diamox Sequels,36,False
Diastat,10,False
Diazepam,36,False
Dibenzyline,22,True
Diclofenac Sodium,8,True
Dicloxacillin,15,True
Dicyclomine,10,True
Didanosine,33,False
Didrex,5,False
Didronel,30,False
Dienestrol,34,False
Diethylpropion,11,False
Difenoxin,36,True
Differin,23,False
Diflucan,8,True
Diflunisal,19,True
Digibind,26,True
Digitek,31,False
Digoxin Immune Fab,13,True
Dihydroergotamine,31,True
Dihydrotachysterol,35,False
Dilacor XR,26,False
Dilantin,25,False
Dilantin Infatabs,23,False
Dilaudid,29,False
Dilaudid-HP,25,False
Diltiazem,32,True
Diltiazem Hcl,30,True
Dimetane,17,True
Dinoprostone,26,True
Diovan,8,True
Diovan HCT,37,True
Dipentum,37,False
Diphenhydramine,4,False
Diphtheria-Tetanus Vaccine,31,True
Dipivefrin,37,False
Diprivan,8,True
Diprolene AF,36,True
Dipyridamole,11,False
Disalcid,31,True
Disopyramide Phosphate,12,True
Disulfiram,25,True
Ditropan,8,False
Ditropan XL,6,True
Diucardin,28,False
Diuril,15,True
Divalproex Sodium,37,False
DMSO,29,True
Dobutamine,7,False
Dofetilide,16,True
Dolasetron,17,True
Dolobid,40,False
Dolophine,25,True
Donepezil Hydrochloride,13,True
Dopamine,9,True
Dopamine Hydrochloride,17,True
Dopar,40,False
Dopram,40,True
Doral,29,True
Doribax,19,False
Dornase alfa,5,True
Doryx,14,False
Dorzolamide,12,True
Dostinex,6,False
Dovonex,36,False
Doxacurium Chloride,21,False
Doxapram,30,False
Doxazosin Mesylate,31,False
Doxepin,15,False
Doxercalciferol,10,True
Doxil,29,False
Doxorubicin hydrochloride,38,True
Doxycycline,5,True
Doxycycline Hyclate,16,True
Drisdol,17,False
Dronabinol,26,True
Dronedarone,31,False
Droperidol,25,True
Drospirenone and Estradiol,13,True
Drotrecogin alfa,18,True
Droxia,7,True
Dtic-Dome,25,True
DTP,6,True
Duetact,25,True
Dulera,9,False
Duloxetine Hcl,14,False
Duoneb,10,True
Duraclon,5,False
Duragesic,24,False
Duramorph,10,True
Duranest,11,False
Durezol,10,False
Duricef,36,False
Dutasteride,36,True
Dyazide,18,True
Dynacirc,13,False
Dynacirc CR,17,False
Dynapen,20,True
Dyphylline,37,False
Dyrenium,12,True
Dysport,31,True
Econazole Nitrate,35,True
Eculizumab,10,False
Edecrin,21,False
Edetate Calcium,30,False
Edex,32,False
Edluar,8,False
Edrophonium,12,True
Efalizumab,29,False
Efavirenz,13,False
Effexor,14,False
Effexor XR,37,False
Effient,13,True
Eflornithine,12,True
Efudex,14,True
Elaprase,4,True
Elavil,30,False
Eldepryl,40,True
Elestat,31,False
Eletriptan hydrobromide,28,False
Elidel,16,False
Eligard,17,False
Elimite,26,True
Elitek,37,False
Ellence,13,True
Elmiron,12,False
Elocon,19,True
Eloxatin,18,True
Elspar,19,False
Eltrombopag,29,True
Emadine,28,True
Embeda,32,False
Emcyt,40,False
Emedastine,13,True
Emend,4,False
Emgel,26,False
Emla,20,True
Empirin,30,False
Emsam,39,True
Emtricitabine,6,True
Emtriva,25,True
Enablex,32,False
Enalapril,13,False
Enbrel,33,True
Endocet,14,True
Endometrin,38,True
Endrate,20,False
Enflurane,33,False
Enfuvirtide,39,False
Engerix-B,17,False
Enjuvia,6,False
Enlon,17,False
Enoxacin,35,False
Enoxaparin,28,False
Entacapone,14,False
Entecavir,11,False
Entereg,5,True
Entex,19,False
Entocort EC,39,True
Eovist,35,True
Ephedrine,4,True
Epiduo,16,True
Epinastine HCl,6,False
Epinephrine,38,True
Epipen,17,True
Epirubicin hydrochloride,16,False
Epivir,13,False
Eplerenone,40,False
Epoetin Alfa,40,True
Epogen,13,False
Epoprostenol sodium,23,True
Eprosartan Mesylate,29,True
Eptifibatide,27,False
Epzicom,8,True
Equagesic,35,False
Equetro,9,True
Eraxis,18,False
Erbitux,5,True
Ergocalciferol,19,False
Ergomar,7,True
Ergotamine Tartrate and Caffeine,23,True
Erlotinib,24,False
Ertaczo,31,True
Ertapenem,39,True
Ery-Tab,38,True
Eryc,10,True
Erygel,10,False
EryPed,36,True
Erythrocin Stearate,5,False
Erythromycin,25,False
Erythromycin Ethylsuccinate,12,False
Erythromycin Lactobionate,28,True
Escitalopram Oxalate,22,False
Esclim,5,True
Eskalith,19,True
Esmolol,27,True
Esomeprazole Magnesium,36,False
Esomeprazole Sodium,33,False
Essential Amino Acids,38,True
Estazolam,10,False
Esterified Estrogens,6,True
Estrace,13,False
Estraderm,9,False
Estradiol,33,False
Estradiol Acetate,4,False
Estradiol valerate,34,False
Estramustine,10,True
Estratest,28,True
Estring,5,True
EstroGel,36,True
Estrogens conjugated,9,True
Estropipate,6,False
Estrostep 21,12,True
Eszopiclone,8,True
Etanercept,10,False
Ethacrynic Acid,17,True
Ethambutol,26,False
Ethamolin,6,False
Ethanolamine Oleate,33,True
EtheDent,7,False
Ethinyl Estradiol,34,True
Ethiodized Oil,34,True
Ethiodol,6,False
Ethionamide,30,False
Ethosuximide,32,True
Ethotoin,35,True
Ethrane,9,True
Ethyl Chloride,25,False
Ethyol,35,True
Etidocaine HCl,12,False
Etidronate Disodium,8,True
Etodolac,40,True
Etonogestrel,6,False
Etopophos,22,False
Etoposide,21,True
Etoposide Phosphate,38,False
Etrafon,11,True
Eulexin,29,False
Eurax,37,True
Evamist,5,True
Everolimus,24,True
Evista,7,True
Evoclin,33,False
Evoxac,29,False
Exalgo,21,False
Exelderm,34,False
Exelon,33,True
Exemestane,7,True
Exenatide,23,True
Exforge,12,True
Exforge HCT,14,True
Exjade,4,True
Extavia,9,True
Extended Phenytoin Sodium,8,False
Extina,6,True
Extraneal,7,True
Exubera,24,True
Ezetimibe,39,False
Ezetimibe and Simvastatin,5,False
Fabrazyme,40,False
Factive,23,False
Factor IX Complex,19,False
Factrel,30,False
Famciclovir,40,True
Famotidine,14,False
Famotidine Injection,11,True
Famvir,15,False
Fanapt,6,True
Fansidar,20,False
Fareston,21,False
Faslodex,25,False
Fastin,35,False
Fazaclo,15,True
Febuxostat,26,True
Feiba-VH,15,False
Felbamate,25,False
Felbatol,35,False
Feldene,19,False
Felodipine,13,False
Femara,6,True
Femcon Fe,20,False
Femhrt,19,True
Femring,39,True
Fenofibrate,34,False
Fenofibric Acid,22,True
Fenoglide,22,True
Fenoldopam Mesylate,18,False
Fenoprofen Calcium,12,False
Fentanyl Buccal,8,False
Fentanyl Citrate,20,True
Fentora,19,True
Feraheme,5,True
Feridex I.V.,6,True
Ferrlecit,14,True
Fertinex,19,True
Ferumoxides,11,False
Ferumoxytol,40,True
Fesoterodine Fumarate Extended,34,False
Fexofenadine Hcl,30,False
Filgrastim,22,True
Finacea,33,True
Finasteride,35,True
Fioricet,10,False
Fiorinal with Codeine,26,False
Flagyl,32,True
Flavoxate HCl,6,True
Flecainide,24,False
Flector,30,False
Flexeril,11,True
Flo-Pred,37,False
Flolan,8,False
Flomax,25,True
Flonase,35,False
Florinef,26,False
Flovent,16,False
Flovent Diskus,5,False
Flovent HFA,33,True
Floxin,11,False
Floxin Otic,40,True
Floxuridine,24,True
Fluconazole,38,False
Flucytosine,25,True
Fludara,31,True
Fludarabine,30,False
Fludarabine Phosphate,27,True
Fludeoxyglucose F 18,10,False
Fludrocortisone,23,True
Flumadine,7,False
Flumazenil,29,False
FluMist,40,False
Flunisolide,35,False
Fluocinolone Acetonide,18,True
Fluocinonide,10,False
Fluorescein,13,False
Fluorescite,15,True
Fluoride,5,True
Fluorometholone,35,False
Fluoroplex,5,False
Fluorouracil,24,False
Fluothane,40,False
Fluoxetine Hcl,11,True
Fluoxetine Hydrochloride,33,False
Fluoxymesterone,7,True
Fluphenazine,24,False
Flurandrenolide,37,True
Flurazepam,11,True
Flurbiprofen,18,False
Fluress,39,True
Flutamide,6,False
Fluticasone Furoate,16,True
Fluticasone Propionate,34,False
Fluvastatin Sodium,23,False
Fluvirin,40,False
Fluvoxamine Maleate,11,True
FML,6,True
FML Forte,10,False
Focalin,33,False
Focalin XR,10,False
Folic Acid,20,False
Follistim AQ,12,True
Follitropin Alfa,40,True
Follitropin Beta,26,False
Folotyn,30,False
Foltx,39,True
Folvite,24,True
Fomepizole,33,False
Fomivirsen,6,False
Fondaparinux Sodium,30,False
Foradil Aerolizer,27,False
Foradil Certihaler,36,True
Forane,7,True
Formoterol Fumarate Inhalation Powder,40,False
Fortamet,14,False
Fortaz,34,False
Forteo,21,True
Fortical,27,True
Fosamax,32,False
Fosamax Plus D,4,True
Fosamprenavir Calcium,34,False
Fosaprepitant Dimeglumine,29,False
Foscarnet Sodium,17,False
Foscavir,19,False
Fosfomycin,35,True
Fosinopril Sodium,38,False
Fosphenytoin Sodium,19,True
Fospropofol Disodium,39,True
Fosrenol,24,False
Fragmin,16,False
Frova,29,True
Frovatriptan Succinate,4,False
Fulvestrant,35,False
Fungizone,34,False
Furadantin,40,True
Furazolidone,19,False
Furosemide,8,False
Furoxone,16,False
Fuzeon,28,True
Gabapentin,14,True
Gabitril,12,True
Gadobenate Dimeglumine,24,False
Gadodiamide,8,False
Gadofosveset Trisodium,10,False
Gadopentetate Dimeglumine,32,False
Gadoteridol,23,False
Gadoversetamide,25,True
Gadoxetate Disodium,24,True
Galantamine,24,False
Galsulfase,40,False
Gammagard,4,True
Gamunex,30,False
Ganciclovir,31,True
Ganirelix,21,True
Ganirelix Acetate Injection,40,True
Gantanol,7,True
Gantrisin,15,True
Gardasil,10,True
Gatifloxacin,35,True
Gelnique,32,True
Gemcitabine Hcl,22,False
Gemfibrozil,21,True
Gemifloxacin Mesylate,33,False
Gemtuzumab Ozogamicin,21,True
Gemzar,25,False
Gengraf,22,True
Genoptic,29,True
Genotropin,40,True
Gentak,39,True
Gentamicin,14,False
Geocillin,40,False
Geodon,17,False
Glatiramer Acetate,29,False
Gleevec,4,False
Gliadel,4,True
Glimepiride,34,True
Glipizide,15,True
GlucaGen,6,False
Glucagon,11,True
Glucophage XR,5,False
Glucotrol,28,False
Glucotrol XL,32,False
Glucovance,11,False
Glumetza,35,False
Glyburide,32,False
Glycopyrrolate,20,True
Glynase,33,True
Glyset,9,True
Gold Sodium Thiomalate,13,True
Golimumab,7,True
Gonadorelin,15,False
Gonal-F,5,True
Gonal-f RFF,39,True
Goserelin Acetate,20,False
Goserelin Acetate Implant,4,False
Granisetron,5,False
Granisetron Hydrochloride,35,True
Grepafloxacin,4,False
Grifulvin V,26,True
Gris-PEG,6,True
Griseofulvin,16,False
Guaifenesin,15,False
Guanethidine Monosulfate,36,True
Guanfacine,31,True
Guanfacine Hydrochloride,33,True
Gynazole,27,True
Gyne-Lotrimin,11,False
Haemophilus b Conjugate Vaccine,39,True
Halcinonide,23,False
Halcion,17,False
Haldol,33,False
Haldol Decanoate,19,False
HalfLytely and Bisacodyl,4,False
Halobetasol Propionate,33,False
Halog,9,False
Haloperidol,39,False
Haloperidol Decanoate,25,False
Halotestin,30,False
Halothane,37,True
Havrix,17,True
Healon,37,False
Hectorol,16,True
Helidac,8,False
Hemabate,10,True
Hemin,22,True
HEP-LOCK U/P,12,True
HepaGam B,7,False
Heparin,23,False
Heparin Lock Flush,4,True
Heparin Sodium,38,False
HepatAmine,34,True
Hepatitis A Vaccine-Inactivated,4,True
Hepatitis B Immune Globulin,20,False
Hepatitis B Vaccine,37,False
Hepatitis B Vaccine Recombinant,40,False
Hepflush-10,21,False
Hepsera,36,False
Herceptin,20,False
Hexachlorophene,38,True
Hexalen,24,True
HibTITER,26,True
Hiprex,24,True
Hismanal,5,True
Hivid,35,False
HMS,10,False
Humalog,32,False
Human Secretin,4,True
Humatrope,36,True
Humira,5,False
Humorsol,14,False
Humulin N,10,False
Humulin R,6,True
Hyalgan,11,True
Hycamtin,22,True
Hycodan,24,True
Hydralazine,36,False
Hydrea,39,False
Hydrochlorothiazide and Triamterene,16,False
Hydrocodone and Ibuprofen,6,False
Hydrocodone Bitartrate and Acetaminophen,33,True
Hydrocodone Bitartrate and Acetaminophen Tablets,30,False
Hydrocortisone,23,True
Hydrocortisone and Acetic Acid,33,True
Hydrocortisone Butyrate,37,False
Hydrocortisone Sodium Succinate,9,True
Hydroflumethiazide,20,False
Hydromorphone Hydrochloride,29,False
Hydroquinone,13,True
Hydroxychloroquine,10,False
Hydroxyethyl Starch,33,False
Hydroxyurea,11,True
Hydroxyzine,11,False
Hydroxyzine Hydrochloride,18,True
Hylan G-F 20,25,False
Hylenex,19,False
Hyoscyamine,19,True
Hyoscyamine Sulfate,7,False
Hytrin,10,True
Hyzaar,20,True
Ibandronate Sodium,31,False
Ibritumomab Tiuxetan,40,True
Ibuprofen,5,True
Ibuprofen Lysine,20,True
Ibutilide Fumarate,36,True
Ic-Green,10,True
Icodextrin,17,True
Idamycin,38,True
Idamycin PFS,7,False
Idarubicin,33,False
Ifex,36,True
Ifosfamide,14,False
Ilaris,38,True
Iloperidone,4,True
Iloprost,4,False
Ilotycin,18,True
Imatinib Mesylate,18,False
Imiglucerase,30,True
Imipenem / cilastatin,12,False
Imipramine,34,False
Imipramine Pamoate,17,True
Imiquimod,36,False
Imitrex,29,True
Immune Globulin,19,True
Immune Globulin Intravenous,21,False
Imodium,35,False
Imovax,18,False
Implanon,12,False
Imuran,5,True
Inapsine,15,True
Increlex,32,True
Indapamide,33,False
Inderal,14,False
Inderal LA,5,False
Inderide,28,True
Indigo Carmine,23,False
Indigotindisulfonate,13,False
Indinavir Sulfate,7,False
Indocin,12,True
Indomethacin,32,True
Infanrix,18,True
Infasurf,21,True
Infed,4,False
Infergen,32,False
Infliximab,12,False
Influenza Virus Vaccine,7,False
Innohep,18,False
InnoPran XL,10,True
Inomax,9,False
Insoluble Prussian blue,11,True
Inspra,37,False
Insulin,33,False
Insulin Aspart,5,True
Insulin Detemir,6,True
Insulin Glulisine,7,True
Insulin Human,6,True
Insulin Lispro,19,False
Intal Nebulizer,25,True
Integrilin,32,False
Intelence,40,True
Interferon alfa-2a,14,False
Interferon alfa-2b,30,True
Interferon Alfacon-1,25,False
Interferon beta-1a,19,False
Interferon beta-1b,38,True
Interferon Gamma 1-b,35,True
Intralipid 10%,27,False
Intralipid 20%,35,True
Intron A,16,True
Intuniv,24,False
Invanz,9,True
Invega,5,False
Invega Sustenna,30,False
Inversine,27,True
Invirase,23,False
Iobenguane I 123,26,False
Ionamin,16,False
Ionsys,7,True
Ioxilan,34,False
Iplex,24,False
Ipol,31,False
Irbesartan,28,False
Irbesartan-Hydrochlorothiazide,4,True
Iressa,8,False
Irinotecan Hydrochloride,38,False
Iron Dextran,13,True
Isentress,37,False
Ismelin,5,False
Ismo,37,True
Isocarboxazid,6,True
Isoflurane,24,True
Isoniazid,13,False
Isoproterenol,31,True
Isoptin SR,18,True
Isopto Carpine,35,True
Isopto Hyoscine,12,False
Isordil,13,True
Isosorbide Dinitrate,10,True
Isosorbide Mononitrate,13,False
Isosulfan Blue,7,False
Isotretinoin,11,False
Isradipine,25,True
Istalol,33,True
Istodax,36,True
Isuprel,33,True
Ivermectin,37,False
Ixabepilone,18,True
Ixempra,40,True
Ixiaro,36,False
Jadelle,13,True
Jalyn,35,False
Jantoven,8,True
Janumet,22,True
Januvia,11,False
Japanese Encephalitis Vaccine,7,False
Je-Vax,10,False
Jevtana,23,True
K-LOR,35,False
K-Tab,34,False
Kadian,21,True
Kalbitor,14,True
Kaletra,28,True
Kanamycin,34,False
Kantrex,33,True
Kapidex,22,True
Kariva,10,False
Kayexalate,32,False
Keflex,29,False
Kemstro,26,True
Kenalog,21,False
Kepivance,9,False
Keppra,15,False
Keppra XR,4,True
Kerlone,16,True
Ketamine HCl,34,True
Ketamine Hydrochloride,4,True
Ketek,4,True
Ketoconazole,31,False
Ketoprofen,22,False
Ketorolac Tromethamine,19,False
Ketotifen Fumarate,14,False
Kineret,33,True
Kinevac,9,False
Kinlytic,12,False
Kionex,5,True
Klaron,36,True
Klonopin,40,True
Klor-Con,6,True
Kogenate FS,26,False
Kuvan,38,True
Kytril,14,False
Labetalol,26,True
Lac-Hydrin,37,True
lacosamide,4,True
Lacrisert,31,True
Lactated Ringer's Solution,26,False
Lactic Acid,34,True
Lactulose,19,False
Lamictal,36,False
Lamisil,29,True
Lamivudine,20,True
Lamivudine / Zidovudine,38,False
Lamotrigine,39,True
Lamprene,11,True
Lanoxin,12,True
Lansoprazole,21,False
Lantus,33,False
Lapatinib,40,True
Lariam,13,False
Laronidase,20,False
Lasix,39,True
Lastacaft,30,True
Latanoprost,5,False
Latisse,30,True
Leflunomide,19,True
Lenalidomide,14,True
Lepirudin,37,False
Lescol,30,True
Letairis,18,True
Letrozole,30,False
Leucovorin Calcium,21,False
Leukeran,24,False
Leukine,12,False
Leuprolide Acetate,38,True
Leustatin,19,False
Levalbuterol,16,False
Levaquin,27,False
Levbid,35,False
Levemir,27,True
Levetiracetam,20,False
Levitra,23,False
Levo-Dromoran,22,False
Levo-T,40,False
Levobetaxolol Hydrochloride,4,False
Levobunolol,24,True
Levocabastine,33,True
Levocarnitine,37,False
Levocetirizine Dihydrochloride,35,True
Levodopa,11,True
Levofloxacin,39,False
Levoleucovorin,8,False
Levomethadyl Acetate,30,True
Levonorgestrel,29,False
Levonorgestrel and Ethinyl Estradiol,29,False
Levonorgestrel Implants,35,False
Levonorgestrel-Ethinyl Estradiol,21,True
Levophed,38,False
Levora,36,False
Levorphanol,11,False
Levothroid,11,False
Levothyroxine Sodium,28,False
Levoxyl,31,False
Levsin,31,True
Levsin SL,38,True
Levulan Kerastick,16,True
Lexapro,27,True
Lexiscan,27,True
Lexiva,6,False
Lexxel,26,True
Lialda,14,False
Librax,24,False
Librium,40,False
Lidex,9,False
Lidocaine,24,True
Lidocaine and Prilocaine,27,True
Lidocaine and tetracaine,21,False
Lidoderm,11,True
Limbitrol,31,True
Lincocin,25,False
Lincomycin Hcl,9,False
Lindane,5,False
Linezolid,33,False
Lioresal Intrathecal,4,True
Liothyronine Sodium,32,True
Liotrix,17,True
Lipitor,18,True
Lipofen,13,False
Liposyn II,7,True
Liposyn III,30,True
Liraglutide,10,False
Lisdexamfetamine Dimesylate,4,True
Lisinopril,33,True
Lisinopril and Hydrochlorothiazide,13,False
Lithium Carbonate,9,True
Livalo,40,False
Livostin,32,False
Locoid,26,True
Locoid Lipocream,7,False
Lodine,17,True
Lodosyn,19,False
Lodoxamide Tromethamine,13,True
Loestrin 24 Fe,8,True
Lomefloxacin Hcl,5,False
Lomotil,10,False
Lomustine,33,False
Loperamide Hcl,25,False
Lopid,8,False
Lopinavir/Ritonavir,18,False
Lopressor,16,False
Lopressor HCT,28,True
Loprox Cream,15,True
Loprox Gel,13,True
Lorabid,6,True
Loracarbef,12,False
Loratadine,10,True
Lorazepam,36,False
Lortab,35,False
Losartan Potassium,17,False
Lotemax,30,True
Lotensin,28,True
Lotensin Hct,7,False
Loteprednol Etabonate,9,False
Lotrel,7,False
Lotrisone,39,False
Lotronex,21,True
Lovastatin,37,False
Lovaza,11,True
Lovenox,9,False
Low-Ogestrel,25,True
Loxapine,8,True
Loxapine Succinate,5,True
Loxitane,19,False
Lozol,6,True
Lubiprostone,37,True
Lucentis,21,True
Lufyllin,40,False
Lumigan,14,False
Lumizyme,7,True
Lunesta,19,False
Lupron,39,False
Lusedra,21,False
Luvox CR,20,True
Luxiq,40,False
Lybrel,22,False
Lymphazurin,36,False
Lyrica,8,False
Lysodren,14,True
Lysteda,29,False
M-M-R,8,True
Macrobid,12,True
Macrodantin,4,True
Macugen,27,True
Mafenide Acetate,4,True
Magnesium Sulfate,37,True
Magnevist,27,False
Malarone,21,True
Malathion,15,True
Mandol,34,True
Mangafodipir,7,False
Mannitol,14,False
Maraviroc,12,True
Marcaine,36,True
Marinol,33,False
Marplan,35,True
Matulane,9,False
Mavik,13,False
Maxair,28,True
Maxalt,20,True
Maxaquin,8,True
Maxipime,9,False
Maxitrol,19,True
Measles Vaccine,9,True
Mebaral,20,False
Mebendazole,31,True
Mecamylamine,35,False
Mecasermin,15,True
Mecasermin Rinfabate,34,True
Mechlorethamine HCl,27,False
Meclizine,35,False
Meclofenamate,16,False
Medrol,23,False
Medroxyprogesterone,10,True
Medroxyprogesterone Acetate,14,False
Medrysone,11,False
Mefenamic Acid,11,False
Mefloquine,20,False
Mefoxin,30,True
Megace,32,True
Megace ES,9,False
Megestrol Acetate,7,False
Mellaril,26,False
Meloxicam,25,False
Melphalan,18,True
Memantine HCL,15,False
Menactra,7,False
Menest,20,True
Meningococcal Vaccine,31,True
Menomune,32,False
Menopur,21,True
Menostar,24,True
Menotropins,40,False
Mentax,10,True
Mepenzolate Bromide,35,True
Meperidine,22,False
Mephobarbital,20,False
Mephyton,34,True
Mepivacaine,14,False
Meprobamate,34,False
Meprobamate / Aspirin,8,True
Mepron,20,False
Mequinol and Tretinoin,9,True
Mercaptopurine,9,False
Meridia,19,False
Meropenem,20,False
Merrem I.V.,27,False
Mesalamine,40,True
Mesna,38,True
Mesnex,28,True
Mestinon,24,True
Metadate CD,13,True
Metadate ER,7,False
Metaglip,7,True
Metaproterenol Sulfate,32,False
Metaraminol,40,True
Metastron,37,False
Metaxalone,26,True
Metformin Hcl,28,False
Methacholine Chloride,4,True
Methadone,16,True
Methadone Hydrochloride,38,True
Methadose Oral Concentrate,11,False
Methamphetamine Hydrochloride,38,False
Methazolamide,27,False
Methenamine Hippurate,9,True
Methergine,12,False
Methimazole,13,False
Methocarbamol,11,False
Methohexital Sodium,13,False
Methotrexate,13,True
Methoxsalen,31,False
Methsuximide,37,True
Methyclothiazide,6,True
Methyldopa,31,True
Methyldopate Hcl,38,True
Methylene Blue,20,True
Methylergonovine Maleate,15,False
Methylin,22,False
Methylnaltrexone Bromide,18,True
Methylphenidate Hcl,39,False
Methylprednisolone,13,False
Methylprednisolone Sodium Succinate,30,False
Methyltestosterone,27,True
Methysergide maleate,9,False
Metipranolol,10,True
Metoclopramide,30,True
Metolazone,28,True
Metopirone,15,False
Metoprolol Succinate,32,False
Metoprolol Tartrate,32,True
Metozolv ODT,21,False
MetroCream,40,False
Metrodin,22,False
Metrogel,9,False
MetroLotion,40,False
Metronidazole,39,True
Metvixia,36,True
Metyrapone,10,True
Metyrosine,16,True
Mevacor,12,True
Mexiletine HCl,7,False
Mexitil,11,True
Miacalcin,37,True
Micafungin Sodium,22,True
Micardis,4,True
Micardis HCT,32,True
Miconazole,7,True
Micro-K,35,False
Micronase,7,False
Micronized Glyburide,40,False
Microzide,35,True
Midamor,11,True
Midazolam,6,True
Midodrine Hydrochloride,21,False
Midrin,38,False
Mifeprex,36,True
Mifepristone,13,False
Miglitol,15,False
Miglustat,17,True
Migranal,15,True
Milnacipran HCl,22,True
Milrinone,30,False
Minipress,15,True
Minocin,20,False
Minocycline,25,True
Minocycline Hydrochloride,37,False
Minoxidil,11,False
Mintezol,15,False
Miochol-E,31,True
Miostat,15,True
Miradon,24,False
MiraLAX,32,False
Mirapex,12,True
Mirapex ER,29,True
Mircera,12,True
Mircette,5,False
Mirena,39,True
Mirtazapine,35,True
Misoprostol,7,True
Mithracin,34,False
Mitomycin,34,False
Mitotane,7,True
Mitoxantrone,25,False
Moban,20,True
Mobic,9,True
Modafinil,27,True
Moduretic,32,False
Moexipril,38,True
Moexipril HCl,39,True
Molindone Hydrochloride,25,False
Mometasone Furoate,11,True
Monistat,23,False
Monistat-Derm,10,True
Monoclate-P,21,True
Monodox,18,False
Mononine,23,True
Monopril,9,True
Montelukast Sodium,20,True
Monurol,37,False
Morphine Sulfate,35,False
Morrhuate Sodium,19,True
Motofen,31,True
Motrin,21,False
Moxatag,32,False
Moxifloxacin,35,True
Moxifloxacin HCL,27,True
Mozobil,20,False
MS Contin,22,False
Multaq,33,False
Multi Vitamin,37,False
Multihance,15,False
Mumps Vaccine,11,False
Mupirocin,26,True
Mustargen,26,False
Mutamycin,37,False
Myambutol,28,False
Mycamine,16,True
Mycelex,36,True
Mycobutin,38,True
Mycophenolate Mofetil,4,False
Mycophenolic Acid,36,False
Mycostatin,34,True
Myfortic,40,False
Mykrox,11,False
Myleran,19,True
Mylotarg,11,True
Myobloc,9,False
Myochrysine,35,False
Myozyme,28,False
Mysoline,30,True
Mytelase,20,False
Nabi-HB,27,False
Nabumetone,10,False
Nadolol,6,False
Nadolol and Bendroflumethiazide,26,False
Nafcillin Sodium,4,False
Naftifine,34,True
Naftifine Hcl,34,False
Naglazyme,12,True
Nalbuphine hydrochloride,29,True
Nalfon,32,False
Nalidixic Acid,21,False
Nalmefene Hydrochloride,6,True
Naloxone,40,True
Naltrexone,7,False
Namenda,8,True
Naprelan,13,True
Naproxen,12,False
Naproxen Sodium,10,False
Naratriptan,21,True
Narcan,32,True
Nardil,9,True
Naropin,32,False
Nasacort AQ,33,False
Nasalcrom,39,True
Nasalide,21,False
Nascobal,13,True
Nasonex,11,True
Natacyn,9,False
Natalizumab,18,True
Natamycin,25,True
Natazia,22,False
Nateglinide,40,False
Natrecor,20,False
Navane,6,False
Navelbine,35,True
Nebcin,37,True
Nebivolol Tablets,21,False
Nebupent,38,False
Necon,20,True
Nedocromil,14,True
Nedocromil Inhalation Aerosol,39,False
Nefazodone,21,False
NegGram,32,False
Nelarabine,16,False
Nelfinavir Mesylate,26,True
Nembutal,28,False
Neo-Synephrine,30,True
Neodecadron,16,True
Neomycin Sulfate,5,False
NeoProfen,19,True
Neoral,23,False
Neostigmine,19,True
Neostigmine Methylsulfate,5,True
Nephramine,10,True
Nesacaine,32,False
Nesiritide,27,True
Neulasta,21,False
Neumega,23,False
Neupogen,34,True
Neupro,29,True
Neurontin,22,False
Neutrexin,6,True
Nevanac,11,False
Nevirapine,9,True
Nexavar,38,False
Nexium,29,False
Niacin,15,False
Niacor,13,True
Niaspan,25,True
Nicardipine Hydrochloride,37,False
Nicotrol,33,True
Nicotrol NS,34,True
Nifedipine,35,False
Niferex-150,40,True
Nilandron,25,False
Nilotinib Capsules,6,True
Nilutamide,28,False
Nimbex,30,True
Nimodipine,6,True
Nimotop,19,False
Niravam,38,True
Nisoldipine,11,True
Nitazoxanide,19,False
Nitisinone,16,True
Nitric Oxide,9,False
Nitro-Dur,24,False
Nitrofurantoin,22,True
Nitroglycerin,26,True
Nitrolingual Pumpspray,9,False
NitroMist,25,True
Nitropress,34,False
Nitroprusside Sodium,14,True
Nitrostat,5,True
Nizatidine,30,False
Nizoral,25,False
Noctec,19,True
Nolvadex,21,False
Nor-QD,39,False
Norco,7,False
Norditropin,11,True
Norepinephrine Bitartrate,7,True
Norethindrone,8,True
Norethindrone and Ethinyl Estradiol,8,True
Norflex,34,True
Norfloxacin,12,False
Norgesic,7,True
Norgestimate and Ethinyl Estradiol,35,True
Noritate,15,True
Normal Saline,23,True
Noroxin,30,False
Norpace,14,True
Norplant,26,True
Norpramin,7,False
Nortriptyline HCl,4,True
Nortriptyline Hydrochloride,17,True
Norvasc,33,False
Norvir,31,True
Novantrone,10,True
Novolin R,33,True
NovoLog,5,False
NovoLog Mix 70/30,15,True
Novoseven,35,True
Novothyrox,21,True
Noxafil,5,True
Nplate,14,False
Nubain,34,True
Nucynta,22,False
Numorphan,33,True
Nuromax,22,True
Nutropin,28,True
Nutropin AQ,31,True
Nutropin Depot,39,True
NuvaRing,32,True
Nuvigil,11,False
Nydrazid,29,False
Nystatin,4,False
Nystop,37,True
Ocufen,38,False
Ocuflox,30,False
Ofatumumab,35,False
Ofloxacin,12,False
Oforta,35,False
Ogen,17,True
Olanzapine,35,False
Oleptro,40,False
Olmesartan Medoxomil,33,True
Olopatadine,24,False
Olux,9,False
Olux-E,31,True
Omalizumab,38,True
Omega-3-Acid Ethyl Esters,10,False
Omeprazole,12,False
Omnaris,12,False
Omnicef,29,True
Omnipred,8,False
Omniscan,29,False
Omnitrope,20,False
Oncaspar,35,False
Ondansetron Hydrochloride,31,False
Onglyza,18,True
Onsolis,9,False
Ontak,29,True
Opana,12,True
Opana ER,8,True
Oprelvekin,19,False
Opticrom,34,False
OptiMARK,7,False
Optipranolol,37,True
Optiray Injection,5,True
Optison,12,True
Optivar,4,False
Oracea,17,False
Orap,35,True
Orapred ODT,35,True
Oraqix,34,False
Oravig,23,True
Orencia,29,True
Orfadin,8,False
Organidin NR,14,True
Orimune,10,True
Orlaam,12,True
Orlistat,6,True
Orphenadrine,14,True
Orphenadrine Citrate,17,False
Orphengesic,16,False
Ortho Evra,16,False
Ortho Tri Cyclen,40,True
Ortho-Novum,37,True
Orudis,28,False
Oseltamivir Phosphate,20,True
Osmitrol,22,False
OsmoPrep,25,True
Ovcon,29,True
Ovide,17,False
Ovidrel,24,True
Oxacillin,25,False
Oxaliplatin,13,True
Oxandrin,27,False
Oxandrolone,18,True
Oxaprozin,29,True
Oxazepam,34,False
Oxcarbazepine,16,False
Oxiconazole,27,False
Oxilan,38,False
Oxistat,37,False
Oxsoralen-Ultra,15,False
Oxybutynin Chloride,35,True
Oxycodone and Acetaminophen,17,True
Oxycodone HCl,13,True
Oxycodone Hydrochloride,18,True
Oxycontin,6,True
Oxymetholone,23,False
Oxymorphone,8,True
Oxymorphone Hydrochloride,40,True
Oxymorphone Hydrochloride Extended Release,30,True
Oxytetracycline,12,True
Oxytocin,36,True
Oxytrol,30,False
Paclitaxel,4,True
Palifermin,4,False
Paliperidone,20,True
Palivizumab,13,False
Palonosetron,11,True
Palonosetron hydrochloride,9,True
Pamelor,30,False
Pamidronate Disodium,30,True
Pancrecarb,12,False
Pancrelipase,12,False
Pandel,32,False
Panhematin,13,True
Panretin,27,False
Pantoprazole,33,False
Pantoprazole Sodium,39,False
Papain,4,False
Papaverine,27,False
Parafon Forte,12,True
Paraplatin,39,False
Paregoric,26,True
Paricalcitol,6,True
Parlodel,22,False
Parnate,34,False
Paromomycin Sulfate,32,False
Paroxetine Hydrochloride,8,False
Paroxetine Mesylate,25,False
Paser,34,True
Pataday,33,True
Patanase,23,True
Patanol,15,False
Paxil,29,True
Pazopanib,20,True
PCE,5,False
Pediapred,13,False
Pediarix,31,True
Pediazole,27,False
Pediotic,34,False
PEG,29,False
PEG 3350,24,True
Peg-Intron,9,True
Pegademase Bovine,31,False
Peganone,12,True
Pegaptanib Sodium,22,False
Pegaspargase,10,False
Pegasys,39,True
Pegfilgrastim,5,True
Peginterferon alfa-2a,6,False
Peginterferon alfa-2b,12,False
PegIntron,29,False
Pegvisomant,38,False
Pemetrexed,30,False
Pemirolast Potassium,30,False
Pemoline,9,True
Penciclovir,32,True
Penetrex,21,False
Penicillamine,20,False
Penicillin G Benzathine,14,True
Penicillin G Potassium,13,True
Penicillin V Potassium,16,False
Penicillin VK,10,False
Penlac,7,False
PENNSAID,6,False
Pentamidine Isethionate,7,False
Pentasa,10,True
Pentazocine and Acetaminophen,16,False
Pentazocine and Aspirin,21,False
Pentetate Zinc Trisodium,4,True
Pentobarbital,26,False
Pentosan Polysulfate Sodium,9,False
Pentothal,23,True
Pentoxifylline,6,True
Pepcid,13,True
Percocet,6,False
Percodan,6,False
Perflutren,38,True
Perforomist,34,True
Pergolide Mesylate,26,True
Perindopril Erbumine,22,False
Periochip,18,True
Periostat,33,False
Permax,34,True
Permethrin,20,True
Perphenazine,11,True
Persantine,9,True
Persantine IV,31,True
Pexeva,23,False
Pfizerpen,28,False
Phenazopyridine,9,False
Phendimetrazine Tartrate,9,False
Phenelzine,13,True
Phenergan,31,False
Phenobarbital,38,True
Phenoxybenzamine,5,True
Phentermine,38,False
Phentermine Hydrochloride,11,False
Phentolamine Mesylate,11,True
Phenylephrine HCl,12,False
Phenylephrine Hydrochloride,17,True
Phenytoin,40,False
Phisohex,25,False
Phoslo,4,False
Phosphate,26,True
Phosphocol,22,False
Phospholine Iodide,19,False
Photofrin,7,True
Physostigmine Salicylate,5,False
Phytonadione,31,False
Pilocarpine,22,True
Pilocarpine Hydrochloride,39,False
Pilopine HS,34,False
Pimecrolimus,22,True
Pimozide,19,True
Pindolol,34,True
Pioglitazone Hcl,35,False
Piperacillin / Tazobactam,18,True
Pipracil,25,False
Pirbuterol,12,False
Piroxicam,35,False
Pitavastatin,36,True
Pitocin,24,False
Pitressin,4,False
Plan B,23,False
Plaquenil,39,False
PlasmaLyte A,31,True
Plavix,24,True
Plenaxis,16,False
Plendil,25,False
Plerixafor,23,True
Pletal,34,True
Pliaglis,13,False
Plicamycin,39,False
Pneumococcal 7-valent vaccine,21,True
Pneumococcal Vaccine Polyvalent,19,True
Pneumovax,21,True
Podocon-25,18,False
Podofilox,5,True
Podophyllin,18,True
Polidocanol,36,False
Polifeprosan 20,4,True
Poliovirus Vaccine,27,False
Polyethylene Glycol 3350,8,True
Polymyxin B,6,False
Polymyxin B Sulfate,35,False
Polysaccharides,24,True
Polythiazide,14,False
Pondimin,33,True
Ponstel,5,True
Poractant Alfa,40,False
Porfimer Sodium,15,True
Posaconazole,36,True
Potassium Acetate,28,True
Potassium Chloride,25,True
Potassium Citrate,37,False
Pralatrexate,21,False
Pralidoxime Chloride,11,False
Pramipexole,21,True
Pramlintide Acetate,27,True
Prandimet,36,False
Prandin,22,False
Prasugrel,34,False
Pravachol,38,True
Pravastatin Sodium,24,True
Praziquantel,29,True
Prazosin HCl,18,True
Precedex,34,False
Precose,36,False
Pred Forte,9,True
Pred-G,13,False
Prednicarbate,6,False
Prednisolone,31,True
Prednisolone Acetate,9,True
Prednisolone Sodium Phosphate,13,False
Prednisone,10,True
Prefest,32,True
Pregabalin,36,True
Pregnyl,25,False
Prelone,30,True
Premarin,35,False
Prempro-Premphase,11,False
Prepidil,27,True
Prevacid,6,True
Prevnar,11,False
Prevpac,8,False
Prezista,16,False
Prialt,22,False
Priftin,13,True
Prilosec,21,False
Primacor,20,True
Primaquine,28,True
Primatene Mist,33,True
Primaxin I.V.,28,True
Primidone,17,True
Principen,33,False
Prinivil,27,True
Prinzide,10,False
Pristiq,19,True
Privigen,13,True
Proair HFA,15,False
Proamatine,12,True
Probenecid and Colchicine,38,True
Procainamide,31,True
Procalamine,16,True
Procan Sr,7,True
Procarbazine,30,False
Procardia,31,True
Prochlorperazine,36,False
Prochlorperazine Maleate,24,False
Procrit,14,True
Proctofoam HC,30,True
Progesterone,34,False
Proglycem,28,False
Prograf,14,True
ProHance,24,True
Prolastin,27,False
Proleukin,26,False
Prolia,39,False
Prolixin,19,False
Promacta,22,False
Promethazine,16,True
Promethazine HCl,24,True
Promethazine Hydrochloride,31,True
Prometrium,21,True
Pronestyl,15,True
Propafenone,39,True
Proparacaine Hydrochloride,35,False
Propecia,28,True
Propine,35,False
Propofol,4,True
Propoxyphene,16,True
Propoxyphene Napsylate,8,False
Propranolol,22,False
Propranolol Hydrochloride,25,True
Propulsid,36,False
Propylthiouracil,10,True
Proquin XR,26,False
Proscar,31,False
Prosom,28,True
Prostigmin,4,True
Prostin E2,22,True
Prostin VR Pediatric,9,True
Protamine,31,False
Protamines,6,True
Protein C Concentrate,15,False
Protirelin,24,True
Protonix,27,True
Protonix I.V.,29,True
Protopic,20,False
Protriptyline Hydrochloride,22,True
Protropin,13,False
Proventil HFA,26,False
Provera,23,False
Provigil,5,True
Provisc,18,True
Provocholine,5,True
Prozac,38,True
Pseudoephedrine,40,True
Pseudoephedrine / Guaifenesin,17,True
Psorcon E,23,False
Pulmicort Flexhaler,10,True
Pulmozyme,33,True
Purinethol,9,True
Pylera,29,True
Pyrazinamide,19,False
Pyridium,19,True
Pyridostigmine,24,False
Pyrimethamine,19,True
Quadramet,13,True
Qualaquin,33,True
Quazepam,5,False
Questran,12,False
Quetiapine Fumarate,4,True
Quinapril Hydrochloride,19,False
Quinidex,20,True
Quinidine,13,True
Quinidine Gluconate,36,False
Quinidine Sulfate,39,False
Quinupristin and Dalfopristin,36,True
Quixin,40,True
Qutenza,23,True
Qvar,33,True
R-Gene 10,28,False
Rabavert,34,False
Rabeprazole Sodium,18,False
Rabies Immune Globulin,37,False
Rabies Vaccine,20,False
Radiogardase,21,True
Raloxifene,14,True
Raltegravir,12,True
Ramelteon,10,True
Ramipril,18,False
Ranexa,26,True
Ranibizumab,20,True
Ranitidine Bismuth Citrate,25,False
Ranitidine Hcl,27,False
Ranitidine Hydrochloride,20,True
Ranolazine,26,True
Rapaflo,30,True
Rapamune,40,True
Raplon,30,False
Raptiva,37,False
Rasagiline,35,False
Rasburicase,19,True
Rattlesnake Antivenin,32,False
Raxar,27,True
Razadyne ER,7,False
Rebetol,27,True
Rebetron,9,False
Rebif,7,True
Reclast,35,True
Recombinate,37,True
Refacto,15,False
Refludan,24,False
Regadenoson,4,False
Reglan,9,True
Regranex,15,False
Relafen,5,False
Relenza,40,False
Relistor,24,True
Relpax,6,False
Remeron,7,True
Remicade,21,False
Remifentanil,21,True
Remodulin,11,True
Renagel,10,True
Renese,5,False
Renova,26,True
Renvela,25,True
ReoPro,19,True
Repaglinide,30,True
Repronex,6,False
Requip,28,False
Rescriptor,33,False
Rescula,6,True
Restasis,31,False
Restoril,38,False
Retapamulin,28,True
Retavase,26,True
Reteplase,6,False
Retin-A Micro,28,False
Retisert,18,False
Retrovir,34,False
Revatio,21,False
Revex,23,True
Revia,35,False
Revlimid,13,True
Reyataz,10,True
Rezulin,30,True
Rheumatrex,33,False
Rhinocort Aqua,38,True
Rhogam,12,False
Rhogam Ultra-Filtered Plus,40,True
Rhophylac,26,True
RiaSTAP,14,True
Ribavirin,27,False
Rifabutin,34,True
Rifadin,34,True
Rifamate,36,True
Rifampin,36,True
Rifampin and Isoniazid,22,True
Rifapentine,35,True
Rifater,34,True
Rifaximin,36,False
Rilonacept,30,True
Rilutek,38,True
Riluzole,5,True
Rimantadine,33,True
Rimexolone,38,False
Rimso-50,12,True
Ringer's Solution,34,True
Riomet,39,True
Risedronate Sodium,14,True
Risperdal,37,False
Risperdal Consta,13,True
Risperidone,26,False
Ritalin,20,True
Ritonavir,24,False
Rituxan,39,False
Rituximab,23,False
Rivastigmine Tartrate,20,False
Rizatriptan Benzoate,25,False
Robaxin,15,False
Robaxisal,10,True
Robinul,18,False
Robitussin Ac,36,False
Rocaltrol,18,True
Rocephin,30,False
Rocuronium Bromide,17,True
Rofecoxib,7,False
Roferon-A,9,False
Romazicon,5,False
Romidepsin,7,True
Romiplostim,40,True
Rondec,18,True
Ropinirole,15,False
Ropinirole Hcl,18,False
Ropivacaine Hcl,25,False
Rosanil,12,False
Rosiglitazone Maleate,18,False
Rosuvastatin Calcium,31,False
Rotarix,21,False
RotaTeq,21,False
Rotavirus Vaccine-Live-Oral,27,True
Rotigotine,11,False
Rowasa,25,True
Roxanol,7,False
Roxicet,37,False
Roxicodone,12,True
Rozerem,29,True
Rubella Vaccine,22,True
Rufinamide,16,False
Rythmol,35,False
Rythmol SR,9,False
Ryzolt,14,True
Sabril,14,False
Sacrosidase,30,False
Saizen,7,False
Salagen,34,True
Salmeterol Xinafoate,34,False
Salsalate,4,True
Samarium SM 153 Lexidronam,24,False
Samsca,8,True
Sanctura,14,True
Sanctura XR,19,True
Sancuso,6,True
Sandimmune,14,True
Sandostatin,9,False
Sandostatin LAR,22,False
Sansert,15,True
Santyl,8,True
Saphris,34,True
Saquinavir Mesylate,30,True
Sarafem,9,True
Sargramostim,36,True
Savella,4,True
Saxagliptin,38,True
Scopolamine,33,True
Seasonale,5,True
Seasonique,6,True
Secobarbital Sodium,6,False
Seconal Sodium,27,True
SecreFlo,8,False
Secretin,11,True
Sectral,14,True
Selegiline Hcl,17,True
Selegiline Hydrochloride,7,False
Selegiline Transdermal System,35,True
Selenium,21,True
Selsun,39,True
Selzentry,29,True
Semprex D,10,False
Sensipar,33,False
Sensorcaine,9,True
Septocaine,14,True
Septra,22,False
Serax,10,True
Serevent Diskus,22,False
Sermorelin,34,False
Sermorelin Acetate,31,True
Seroquel,15,True
Seroquel XR,17,True
Serostim,37,False
Serostim LQ,8,True
Sertaconazole Nitrate,32,True
Sertraline Hcl,39,True
Serzone,26,False
Sevelamer Carbonate,36,True
Sevelamer Hcl,24,True
Sevoflurane,31,False
Sibutramine Hydrochloride Monohydrate,19,False
Sildenafil Citrate,17,False
Silenor,7,True
Silodosin,31,False
Silvadene,24,True
Silver Sulfadiazine,16,True
Simcor,28,False
Simponi,21,False
Simulect,18,False
Simvastatin,4,True
Sincalide,33,False
Sinemet,25,False
Sinemet CR,21,False
Sinequan,14,False
Singulair,19,False
Sirolimus,30,False
Sitagliptin Metformin HCL,16,True
Sitagliptin Phosphate,32,True
Skelaxin,18,True
Skelid,34,False
Slo-phyllin,12,True
Slow-K,18,True
Sodium Acetate,20,False
Sodium Bicarbonate,33,False
Sodium ferric gluconate,4,True
Sodium Fluoride,21,False
Sodium Hyaluronate,15,True
Sodium Iodide I 131,9,False
Sodium Lactate,27,False
Sodium Oxybate,32,False
Sodium Phenylbutyrate,26,False
Sodium Phosphate Monobasic,14,True
Sodium Polystyrene Sulfonate,18,False
Sodium Sulfacetamide,25,False
Solage,9,False
Solaraze,29,True
Solifenacin Succinate,31,False
Soliris,35,True
Solodyn,15,True
Soltamox,6,False
Solu Cortef,40,True
Solu Medrol,24,False
Soma,12,True
Soma Compound,31,True
Somatrem,30,False
Somatropin,26,True
Somavert,20,True
Sonata,14,False
Sorafenib,13,False
Soriatane,19,False
Sotalol,8,True
Sotalol Hcl,16,True
Sotradecol,8,False
Sparfloxacin,22,True
Spectazole,30,False
Spectinomycin,9,True
Spectracef,28,True
Spiriva,16,False
Spironolactone,19,False
Spironolactone and Hydrochlorothiazide,37,False
Sporanox,26,False
Sporanox Oral Solution,16,True
Sprintec,9,False
Sprix,24,True
Sprycel,8,False
Stadol,33,True
Stalevo,17,False
Starlix,30,True
Staticin,30,False
Stavudine,21,False
Stavzor,19,True
Staxyn,30,False
Stelara,32,False
Stelazine,5,True
Stimate,38,True
Strattera,6,False
Streptase,8,False
Streptokinase,25,False
Streptomycin,5,False
Streptozocin,25,False
Striant,40,True
Stromectol,4,False
Strontium-89,20,True
Suboxone,37,False
Succimer,19,False
Succinylcholine Chloride,18,False
Sucraid,16,False
Sucralfate,40,True
Sudafed,38,False
Sufenta,4,True
Sufentanil Citrate,18,False
Sular,23,True
Sulconazole,21,True
Sulfacetamide,37,False
Sulfadoxine / Pyrimethamine,36,True
Sulfamethoxazole,31,False
Sulfamylon,23,False
Sulfasalazine,24,True
Sulfinpyrazone,14,False
Sulindac,35,True
Sultrin,8,True
Sumatriptan,37,False
Sumavel DosePro,4,False
Sumycin,21,False
Sunitinib Malate,4,False
Supprelin LA,4,True
Suprane,35,True
Suprax,36,True
Surmontil,18,False
Survanta,20,True
Sustiva,35,False
Sutent,17,True
Symbicort,10,False
Symbyax,31,True
Symlin,36,False
Symmetrel,22,True
Synagis,20,True
Synalar,15,True
Synarel,28,False
Synera,17,True
Synercid,17,True
Synthroid,31,True
Synvisc,30,True
Syprine,22,True
Tabloid,40,False
Taclonex,28,False
Taclonex Scalp,15,False
Tacrine,38,True
Tacrolimus,38,True
Tadalafil,18,True
Tagamet,11,False
Talacen,10,False
Talwin,5,True
Talwin Nx,12,True
Tambocor,31,True
Tamiflu,26,True
Tamoxifen Citrate,8,False
Tamsulosin Hydrochloride,20,True
Tao,10,False
Tapazole,21,True
Tapentadol,18,True
Tarceva,17,False
Targretin,18,False
Tarka,10,True
Tasigna,26,True
Tasmar,20,True
Taxol,28,True
Taxotere,21,False
Tazarotene,27,False
Tazorac,27,False
Technetium Tc 99m,30,True
Tegaserod Maleate,38,True
Tegretol,29,False
Tekturna,39,False
Tekturna HCT,16,False
Telavancin,28,True
Telbivudine,33,True
Telithromycin,28,True
Telmisartan,22,False
Telmisartan and Hydrochlorothiazide,14,True
Temazepam,40,False
Temodar,40,True
Temovate,14,True
Temovate Scalp,18,True
Temozolomide,28,False
Temsirolimus,28,False
Tenecteplase,4,False
Teniposide,32,False
Tenofovir Disoproxil Fumarate,14,False
Tenoretic,25,True
Tenormin,18,True
Tenuate,28,False
Terazol 3-Terazol 7,25,False
Terazosin Hcl,25,True
Terbinafine,13,True
Terbinafine Hydrochloride,9,True
Terbutaline Sulfate,31,False
Terconazole,26,False
Teriparatide,5,False
Terra-Cortril,39,False
Terramycin,33,False
Teslac,4,True
Teslascan,20,False
Tessalon,18,True
Testim,37,False
Testoderm,19,True
Testolactone,39,False
Testosterone,14,True
Testred,20,False
Tetanus Vaccine,38,True
Tetrabenazine,19,False
Tetracycline,28,True
Tev-Tropin,19,True
Teveten,29,False
Teveten HCT,4,True
Thalidomide,29,True
Thalitone,22,True
Thalomid,12,False
Theo-24,32,False
Theolair,7,True
Theophylline,5,True
Theophylline Anhydrous,25,True
Theracys,33,True
Thiabendazole,19,False
Thiethylperazine,33,True
Thioguanine,24,False
Thiopental Sodium,27,False
Thioridazine,34,False
Thioridazine HCl,18,True
Thiotepa,35,True
Thiothixene Hcl,14,False
Thorazine,4,False
Thrombin,29,False
Thymalfasin,36,False
Thyrel Trh,7,True
Thyro-Tabs,9,True
Thyrogen,37,True
Thyroid tablets,15,True
Thyrolar,25,True
Thyrotropin Alfa,17,True
Tiagabine Hydrochloride,40,True
Tiazac,22,True
Ticarcillin,13,False
Ticlid,26,True
Ticlopidine Hcl,8,False
Tigan,21,False
Tigecycline,34,True
Tikosyn,32,True
Tilade,34,True
Timentin,10,False
Timolide,14,True
Timolol,4,True
Timolol Maleate,11,False
Timoptic,9,False
Tindamax,32,False
Tinidazole,19,False
Tinzaparin,6,False
Tioconazole,13,False
Tiotropium Bromide,24,False
Tipranavir,13,True
Tirofiban,15,False
Tirosint,33,False
Tizanidine,28,True
Tnkase,19,True
Tobi,36,True
Tobradex,19,True
Tobramycin,34,True
Tobrex,21,False
Tocainide HCl,22,True
Tocilizumab,15,False
Tofranil,14,True
Tofranil-PM,21,False
Tolazamide,6,False
Tolcapone,15,False
Tolectin,34,True
Tolinase,8,True
Tolmetin Sodium,38,True
Tolterodine Tartrate,35,True
Tolvaptan,30,True
Tonocard,6,True
Topamax,11,True
Topicort,5,False
Topiramate,6,True
Topotecan,24,True
Topotecan Hydrochloride,23,False
Toprol XL,40,False
Toradol,8,True
Torecan,40,False
Toremifene,9,False
Torisel,21,True
Torsemide,39,False
Tositumomab I-131,21,True
Totect,19,True
Toviaz,30,True
Tracleer,15,True
Tracrium,17,True
Tramadol,27,True
Tramadol Hcl,8,True
Trandate,18,True
Trandolapril,31,True
Trandolapril and Verapamil,23,True
Tranexamic Acid,9,False
Transderm Nitro,17,True
Transderm Scop,10,False
Tranxene,26,False
Tranylcypromine,36,False
Trastuzumab,29,False
Trasylol,32,True
Travasol,15,True
Travatan,29,True
Travoprost,11,False
Trazodone Hydrochloride,40,True
Treanda,4,False
Trecator,5,False
Trelstar,34,True
Trental,12,False
Treprostinil,34,True
Treprostinil Sodium,21,False
Tretinoin,8,False
Trexall,8,False
Treximet,35,False
Tri-Luma,20,False
Tri-Sprintec,19,False
Triamcinolone,36,True
Triamcinolone Acetonide,7,True
Triamterene,23,True
Triazolam,4,False
Tribenzor,30,False
Tricor,7,False
Tridione,6,False
Trientine,32,True
Triesence,32,True
Trifluoperazine,27,False
Trifluridine,8,True
Triglide,27,True
Trihexyphenidyl,37,False
Trileptal,33,False
Trilipix,5,True
Trilisate,18,True
TriLyte,35,True
Trimethadione,27,True
Trimethobenzamide Hydrochloride,33,False
Trimethoprim,36,True
Trimethoprim and Sulfamethoxazole,25,False
Trimetrexate Glucuronate,6,False
Trimipramine,12,True
TriNessa,34,True
Triptorelin pamoate,28,True
Trisenox,11,False
Tritec,8,True
Trivaris,15,True
Trivora-28,27,True
Trizivir,10,True
Trobicin,36,True
Troleandomycin,21,True
TrophAmine,23,False
Trospium,35,False
Trovafloxacin,37,True
Trovan,6,False
Trusopt,22,False
Truvada,36,True
Trypan Blue,12,False
Tubersol,31,False
Tussionex,4,True
Twinrix,32,False
Twynsta,23,True
Tygacil,9,False
Tykerb,5,False
Tylenol,9,False
Tylenol with codeine,8,False
Tylox,29,False
Typhoid Vaccine,21,True
Tysabri,26,True
Tyvaso,6,False
Tyzeka,5,True
Ulesfia,16,False
Uloric,40,True
Ultane,11,True
Ultiva,32,True
Ultracet,38,True
Ultram,33,False
Ultram ER,10,False
Ultrase,37,True
Ultravate,34,True
Ultravist,9,True
Unasyn,30,False
Uniphyl,36,False
Uniretic,19,False
Unithroid,27,False
Univasc,4,False
Unoprostone isopropyl,20,True
Urex,22,False
Urispas,33,False
Urobiotic,35,True
Urofollitropin,28,True
Urokinase,38,True
Uroxatral,31,True
Urso,26,True
Ursodiol,22,True
Ustekinumab,13,False
Uvadex,7,False
Vaccinia Immune Globulin,36,True
Vagifem,10,False
Vagistat-1,13,True
Valacyclovir Hydrochloride,31,True
Valcyte,16,True
Valdecoxib,5,False
Valganciclovir Hcl,10,False
Valium,31,True
Valproate Sodium,38,True
Valproic Acid,26,False
Valrubicin,37,False
Valsartan,37,True
Valsartan and Hydrochlorothiazide,15,True
Valstar,39,False
Valtrex,37,False
Valtropin,38,True
Valturna,26,True
Vancomycin Hydrochloride,13,False
Vaniqa,9,False
Vanos,20,True
Vantin,4,False
Vaprisol,25,True
Vaqta,24,True
Vardenafil HCl,28,True
Varenicline,6,False
Varicella Virus Vaccine Live,13,True
Varivax,30,False
Vascor,8,False
Vaseretic,18,False
Vasocidin,26,False
Vasopressin,36,False
Vasotec,37,False
Vasovist,26,False
Vectibix,5,True
Vectical,14,True
Velcade,20,False
Velosulin,18,False
Veltin,13,True
Venlafaxine Hydrochloride,27,True
Venofer,6,False
Ventavis,11,False
Ventolin HFA,25,True
VePesid,34,False
Veramyst,27,False
Verapamil,37,False
Verapamil HCl,17,True
Verapamil Hydrochloride,12,True
Verdeso,28,True
Veregen,38,False
Verelan PM,20,True
Vermox,16,False
Verteporfin,21,False
Vesanoid,40,True
VESIcare,11,False
Vexol,15,False
Vfend,30,True
Viadur,20,True
Viagra,31,True
Vibativ,22,False
Vibramycin,34,False
Vibramycin Intravenous,15,False
Vicodin,25,True
Vicodin ES,13,False
Vicodin HP,39,False
Vicoprofen,7,True
Victoza,15,True
Vidarabine,33,False
Vidaza,30,True
Videx,36,False
Videx EC,36,False
Vigabatrin,17,True
Vigamox,30,False
Vimovo,37,False
Vimpat,13,False
Vinblastine Sulfate,33,True
Vincasar PFS,12,True
Vincristine Sulfate,12,True
Vinorelbine Tartrate,37,False
Viokase,30,True
Vioxx,10,False
Vira-A,33,True
Viracept,18,True
Viramune,29,True
Virazole,20,False
Viread,39,False
Viroptic,9,False
Visicol,4,True
VisionBlue,33,True
Visken,21,False
Vistaril,21,True
Vistide,31,True
Visudyne,20,False
Vitamin A,25,True
Vitamin C,35,True
Vitamin K1,29,True
Vitrasert,32,True
Vitravene,33,True
Vivactil,40,True
Vivaglobin,10,False
Vivelle-Dot,6,True
Vivitrol,18,False
Voltaren,27,True
Voltaren Ophthalmic,24,False
Voluven,31,True
Voriconazole,27,False
Vorinostat,39,False
Vosol Hc,38,False
VoSpire ER,30,True
Votrient,38,False
Vumon,5,True
Vusion,11,False
Vytorin,40,True
Vyvanse,21,True
Warfarin Sodium,37,True
Welchol,10,False
Wellbutrin,33,False
Wellbutrin SR,13,True
Wellbutrin XL,15,False
Westcort,10,True
Wigraine,32,False
Winstrol,11,False
Xalatan,26,False
Xanax,4,True
Xanax XR,37,True
Xeloda,9,True
Xenazine,38,True
Xenical,19,False
Xeomin,11,False
Xerese,23,True
Xibrom,9,False
Xifaxan,15,False
Xigris,7,False
Xolair,14,True
Xolegel,30,False
Xopenex,24,False
Xopenex HFA,18,True
Xylocaine,24,False
Xylocaine Viscous,13,True
Xyntha,8,False
Xyrem,26,True
Xyzal,32,True
Yasmin,32,True
Yaz,4,False
Yellow Fever Vaccine,36,True
Yf-Vax,10,False
Yohimbine,10,True
Yohimbine Hydrochloride,20,False
Zadaxin,38,True
Zaditor,20,True
Zafirlukast,28,True
Zagam,36,True
Zalcitabine,18,False
Zaleplon,31,False
Zanaflex,17,True
Zanamivir,7,False
Zanosar,22,False
Zantac,33,True
Zarontin,16,True
Zavesca,5,True
Zebeta,5,False
Zegerid,16,False
Zelapar,37,False
Zelnorm,18,False
Zemaira,29,True
Zemplar,5,False
Zemuron,37,False
Zenapax,21,False
Zenpep,35,True
Zerit,12,False
Zestoretic,20,True
Zestril,16,False
Zetia,10,False
Zevalin,23,False
Ziac,27,False
Ziagen,20,True
Ziana,13,True
Ziconotide,19,False
Zidovudine,7,False
Zinacef,10,False
Zinc,23,False
Zinecard,24,True
Zingo,8,True
Ziprasidone,24,False
Zirgan,40,False
Zithromax,7,True
Zmax,7,False
Zn-DTPA,5,True
Zocor,34,False
Zofran,12,True
Zoledronic Acid,6,False
Zolinza,40,False
Zolmitriptan,26,False
Zoloft,6,False
Zolpidem Tartrate,37,False
Zolpimist,20,True
Zometa,33,True
Zomig,18,False
Zonalon,39,False
Zonegran,27,True
Zonisamide,22,False
Zortress,7,False
Zostavax,32,True
Zoster Vaccine Live,6,False
Zosyn,24,False
Zovia,40,False
Zovirax,9,True
Zyban,8,False
Zyclara,32,False
Zydone,17,True
Zyflo,14,True
Zyflo CR,7,False
Zylet,35,False
Zyloprim,32,True
Zymar,10,False
Zymaxid,38,True
Zyprexa,23,True
Zyprexa Relprevv,32,False
Zyrtec,6,True
Zyrtec-D,5,True
Zyvox,15,False
